bvid,title,description,category_name,upload_time,upload_date,upload_hour,duration,up_name,views,danmaku,likes,coins,favorites,shares,reply
BV1ghTF6qEmD,永远怀念我们亲爱的妹爷！,,小剧场,2026-06-30 18:47:05,2026-06-30,18,124,陈翔六点半,1791278,23393,258362,93675,20416,12685,10831
BV15LKd6wEtR,哪来的傻孩子啊,,网络游戏,2026-06-30 11:02:25,2026-06-30,11,259,_离咕咕,2591154,925,161115,5299,23287,9371,1049
BV1RVKd6YERS,高考652分，想报土木工程啊？？？？？？,,搞笑,2026-06-30 19:00:00,2026-06-30,19,158,小小段砸,1007998,925,61109,5668,4118,2820,4018
BV1Zcj66QEgR,【剧情】心间错（2026）21【 朱正廷 / 哈妮克孜 】,,国产剧,2026-06-21 12:00:06,2026-06-21,12,1874,迷影社,381800,1855,2956,809,1021,719,168
BV1dsTL6dEkB,苗族银饰,,手工,2026-06-29 22:00:00,2026-06-29,22,689,归乡人山白,4004839,4298,352724,130617,37923,6323,4409
BV1yyTF6ZEbv,骗成狗了,,搞笑,2026-06-30 17:02:08,2026-06-30,17,1439,小潮院长,1665699,12531,168136,59877,40594,2437,3228
BV1UfKQ6LEtE,真是一台好车,,汽车生活,2026-06-30 11:00:00,2026-06-30,11,1870,极速拍档,1661413,3754,37083,14179,8426,1848,1387
BV1ZrKQ6oEyX,看来痒痒鼠是铁了心要过十周年,,日常,2026-06-29 18:46:34,2026-06-29,18,144,青木雄太,522016,85,28998,998,2227,401,345
BV1GMKQ6nEy7,导员 我们真不是故意的…,,小剧场,2026-06-29 19:28:56,2026-06-29,19,36,CCCmlng小陈不憨,2991222,655,207918,2301,20764,4409,1124
BV1U87E6jE6G,2026年7-9月国创夏季导视-哔哩哔哩版权国创,,资讯,2026-06-28 14:00:02,2026-06-28,14,1341,哔哩哔哩国创,232062,324,3804,208,994,193,376
BV1k2KU6oEGB,《原神》角色预告-「桑多涅：致新生」,,手机游戏,2026-06-30 12:00:00,2026-06-30,12,686,原神,1818161,11902,240543,116848,50135,22420,9985
BV1G4TF6gERg,《灰境行者》PC实机丨先导预告,,GMV,2026-06-30 18:46:46,2026-06-30,18,22,灰境行者,1030142,249,37614,3712,6131,7011,2884
BV1yNTw6AEvr,夜坝买命记！！！,,同人·手书,2026-06-30 23:18:00,2026-06-30,23,225,超级蓝狼狼,413605,435,34341,2020,3820,416,1658
BV1xMTK62EMZ,如果你走错路，跑到地球十五万光年外的宇宙坟场，你是选择直面现实静待死亡，还是选择忘记现实，沉浸在美好的虚幻当中,,影视杂谈,2026-06-28 13:37:20,2026-06-28,13,824,未尽长河解说,948553,1196,56055,951,9675,507,1899
BV1rz7569EWw,找到了10年前跪舔b站的视频,,搞笑,2026-06-26 17:53:12,2026-06-26,17,439,逗比的雀巢,12752441,22525,1253458,720010,355401,59818,21231
BV1ugKS63E18,人类...完蛋了...,,搞笑,2026-06-29 17:00:00,2026-06-29,17,96,请叫我小严子,2373895,886,142276,4840,26463,15520,2988
BV1VbTw62EYq,当永夜末日降临，文明会如何发展？,,单机游戏,2026-06-30 22:14:07,2026-06-30,22,3785,末影大黑,231448,4555,28730,25385,16330,2606,3730
BV1STKo6xE7B,循环歌单|《超人の小曲》《英雄の小曲》Towards the Light,,乐评盘点,2026-06-30 08:57:05,2026-06-30,8,3048,XFinds寻宝,2054912,559,148431,3473,44152,783,2122
BV1XFKo6cEX6,想毁了软弹圈吗？某些商家正在把发射器变成致命武器！你们是打算猎杀同类吗？,,模玩·周边,2026-06-30 10:05:00,2026-06-30,10,103,战恒玖,968134,1376,58359,673,3521,1530,1659
BV1jZKU6JEFW,⚡《大 声 喊 出 我 的 名 字 吧》⚡,,特摄,2026-06-29 17:35:20,2026-06-29,17,541,蓬莱小稽,260478,1233,37767,3993,12531,4047,1475
BV1a5T56yEcP,普通僵尸太普通，终于玩上超标的尸壳了【我是僵尸】,,单机游戏,2026-06-30 09:00:00,2026-06-30,9,324,磊哥游戏,1351755,1218,102738,8403,9873,996,1562
BV18wTM6bEoj,喵咪屁股摸不得,,日常,2026-06-28 17:09:45,2026-06-28,17,41,甜小derr,2365739,1740,114132,928,18264,24571,3957
BV1F6K96TEaW,兜 帽 难 藏 泪 4,,同人·手书,2026-06-30 10:00:00,2026-06-30,10,114,sss技巧吐槽,669529,934,89126,37456,24073,12246,3090
BV1hQ7Y6tEgH,左手《Luvsic》，右手《夜，萤火虫和你》，是什么感觉？,,演奏,2026-06-25 19:02:18,2026-06-25,19,96,桓桓Aileen,16947430,2603,1117475,182615,778241,23159,16183
BV1pm7n6kExn,"""超算小姐，这一次，我一定要带你出去...""",,网络游戏,2026-06-27 12:33:25,2026-06-27,12,233,HL-Flame,4600340,3388,397129,164368,146478,19732,4331
BV1B7KD6sESB,《五十六个民族，五十六只噶》终极典藏版,,小剧场,2026-06-29 21:47:50,2026-06-29,21,251,皮蛋瘦肉粥煎鸡蛋,455511,576,83566,32947,27959,5279,2813
BV14RKf6wExY,老婆说踏出这个门就再也不用回来了，笑死，有这种好事,,亲子,2026-06-30 19:22:12,2026-06-30,19,456,托马斯家的,400665,2679,25178,4449,1788,586,683
BV1DM7Y6oEfB,【魔女养成计划】竟然被压制了【up动画】,,小剧场,2026-06-25 22:19:21,2026-06-25,22,355,泡椒小鸡,1044879,508,27513,4172,20800,665,827
BV11t7G6WEVX,这谁能绷住？忍不住画了下来暂不考虑接稿！,,绘画,2026-06-26 13:57:20,2026-06-26,13,18,苦茶就是荼,2531576,359,217382,1532,24796,5995,1958
BV1etKD6mEFz,都盲，盲点好啊,,综艺,2026-06-30 12:00:00,2026-06-30,12,1533,高斯Goh,655047,5445,61491,28237,16550,1295,940
BV1zzKQ6FEK3,要多少气球才能让房子飘起来！？答案是...🤩 #挑战# #野兽先生# #MrBeast# #vlog# #整活#,,日常,2026-06-29 18:03:31,2026-06-29,18,22,野兽先生MrBeast,3137721,405,221478,4312,12115,748,2630
BV1XaTV6VE3e,鼠鼠的火腾龙，变成了爸妈的空调,,网络游戏,2026-06-29 06:44:57,2026-06-29,6,261,沉剑o,744967,1066,85980,62760,10359,869,2627
BV1mBKU6AEES,“中国养猪场都用上空调了”！这是真的吗？【主播说三农】,,三农,2026-06-29 19:00:00,2026-06-29,19,198,央视农业,1003871,2265,93501,3262,4593,3639,5292
BV1xkKD6uEzV,“史上最难绷英雄”,,网络游戏,2026-06-29 20:41:39,2026-06-29,20,357,是一只鱼啦,1525797,1295,46593,590,1660,931,1991
BV1op7p6qEo4,“当00后老了be like.”|《Luvsic dj》循环歌单,,音乐综合,2026-06-28 10:00:00,2026-06-28,10,1865,一支yuuu,1145412,411,26326,551,13478,1024,833
BV1Bj7p6rE8E,今天来到了上海嘉定别墅区  老板家庭大聚餐烤上一只正宗的新疆馕坑烤全羊#苏州烤全羊 #苏州馕坑烤全羊#无锡烤全羊#无锡馕坑烤全羊#上海烤全羊,,美食侦探,2026-06-27 17:22:04,2026-06-27,17,488,苏州刚子馕坑烤全羊,1008901,637,35934,1083,1874,1009,905
BV1KqKZ6REMq,今天来包女粉丝的塘，据说很多几十斤的大货，那这得找雀哥呀，我当次中间商赚差价,,三农,2026-06-30 17:00:00,2026-06-30,17,807,李维刚的日常,570045,3340,53057,6130,2091,990,2817
BV12AKX6kEMK,【解说员】国宴级别....,,手机游戏,2026-06-30 11:00:00,2026-06-30,11,1076,women51,503790,1398,34664,7470,4601,1255,1097
BV16SKU6REfQ,网瘾賊大的阿嬷,,影视剪辑,2026-06-29 17:40:59,2026-06-29,17,152,神威-狗剩,3533440,2070,163433,5442,23876,14381,2713
BV1bRTG6zE57,《名肘探科比》：科比大战裂口女,,赛车,2026-06-29 11:00:00,2026-06-29,11,470,村村狗熊,863455,1197,54858,7174,16002,9798,1282
BV1o6KS6SE8U,【忘川风华录·钱弘俶/赵匡胤/柴荣】当饮【洛天依/乐正绫/言和原创】,,翻唱,2026-06-29 18:00:00,2026-06-29,18,247,酷丘丘,1065819,2505,23024,14221,12074,3847,2874
BV1SZ7W6aEeE,重庆真的是一个8D魔幻城市，谁来都得晕，太离谱了！,,小剧场,2026-06-28 08:30:00,2026-06-28,8,137,峻宁峻宁,4185491,959,191550,2071,22242,2860,4698
BV1M77Y6QEdD,WPS，没想到背刺电脑性能的居然是你！,,数码,2026-06-25 20:20:16,2026-06-25,20,51,宇浩玩数码,1464264,347,110966,8163,136233,4528,2663
BV1gGKQ6mECs,【循环歌单】“哭穷教育的苦难不值得被歌颂和代代传承”【虫儿飞-混响】【苦难教育の小曲】,,音乐综合,2026-06-29 19:17:15,2026-06-29,19,2929,早睡起大王,3179726,405,31024,739,12588,538,2044
BV1WCKU6fE9R,进图啥也不干斗地主的来！阿萨拉全套扑克牌展示！「三角洲S10赛季」,,网络游戏,2026-06-29 17:00:00,2026-06-29,17,128,Key725,1611570,402,50524,696,4611,2373,2058
BV12x756YEDQ,把毒品藏在哪里，60秒内不会被发现？,,赛车,2026-06-26 19:13:17,2026-06-26,19,1128,Upspeed盛嘉成,8953217,83337,610371,137453,102774,26265,24356
BV1nWTM65E5u,啊啊啊,,单机游戏,2026-06-28 17:34:07,2026-06-28,17,106,Z贤者,2699702,3564,196263,7429,30406,17936,3210
BV1QgKS63EgP,⚡逼尔摩斯教你玩球⚡,,鬼畜剧场,2026-06-29 19:00:00,2026-06-29,19,203,洛温阿特金森,874832,472,62711,2777,11822,1869,762
BV1vQ7561EaL,御剑飞行外卖店！有没有搞头？,,运动综合,2026-06-26 18:00:00,2026-06-26,18,124,剑客范十三,1114813,177,10397,778,3560,247,537
BV1axKZ6AEKs,“随同雷鸣一起消散吧！”,,影视剪辑,2026-06-30 17:00:00,2026-06-30,17,229,火影忍者手游情报君,745362,1103,27169,2117,3213,6598,6022
BV1CWKf6pEgB,厨师长上班偷吃点高级食材，新鲜的三文鱼籽,,美食记录,2026-06-30 17:10:00,2026-06-30,17,504,张森的下班料理,474616,1980,41184,1676,2887,990,862
BV1RzKf6GEnu,【危机合约】重燃测试 全网首杀54！与狼共舞，终抵巅峰！,,手机游戏,2026-06-30 20:54:55,2026-06-30,20,308,小羊早睡不遭罪,261097,955,30510,23403,6592,7194,2716
BV142KX6VEAV,看勇哥餐饮连麦吃瓜吃到自己家！火速派我妈去现场了解情况！,,日常,2026-06-30 00:04:25,2026-06-30,0,660,北斗导航Compass,583119,1290,11853,910,1952,633,1683
BV16xKo6VECt,高考没带准考证请直接拉到工厂，给《翘楚》《炽夏》走个面儿,,影视杂谈,2026-06-30 12:00:00,2026-06-30,12,1968,蜡笔小坨恰恰恰,462438,7991,24165,12216,5226,3182,1887
BV1bcTP6CETe,我是一只猫妖，无意掉入老虎窝，躲进虎穴冒充虎崽，结果被宠成真小老虎,,国产原创相关,2026-06-28 01:07:13,2026-06-28,1,1944,Al漫剧小剧场,811065,2544,13795,2519,6775,2692,770
BV1NWKS6aEgF,第3集丨“柠檬茶能换怀表？”,,影视剪辑,2026-06-29 18:25:00,2026-06-29,18,103,是DollDoll,1905612,359,149261,7286,28765,2412,1496
BV1k37s6XE2C,【乘风2026】总决赛-《想见你想见你想见你》张月&陈瑶 愿所有想念都能在我们的歌声里靠岸,,音乐现场,2026-06-27 22:14:12,2026-06-27,22,277,张月ZhangYue,1828689,355478,74165,77119,44652,21139,246127
BV1eWKD6nE1b,【循环歌单】“左零右火雷公助我，我最讨厌的就是事后道歉的”【事后道歉の小曲】【琵琶行DJ-Remix】,,音乐综合,2026-06-29 21:35:06,2026-06-29,21,2955,早睡起大王,2150423,245,46510,556,20378,172,653
BV12BKU6AEW1,《异环》真红角色短片丨赤龙假日,,同人·手书,2026-06-30 11:00:00,2026-06-30,11,634,异环,2506692,1546,61208,7207,10519,3954,6295
BV1J6jQ6REN2,除了学习什么都学的舅舅！！1~38超长合集！,,同人·手书,2026-06-24 12:00:00,2026-06-24,12,4977,猫meme电影院,9110268,5202,481512,79098,683356,4593,1388
BV1bmTM6ZEya,啥比桑吉尔夫排位练蓝防（最不抽象的一集）,,搞笑,2026-06-28 16:52:44,2026-06-28,16,279,89不玩抽象,1593661,857,140615,37422,29149,13358,2342
BV1tXTM6sEJj,《男人至死是傻得儿》,,综合,2026-06-29 11:30:00,2026-06-29,11,1214,龙三条,821475,617,24424,937,1912,148,299
BV1NWKQ6gEUT,世上最好的礼物，是一个不扫兴的爸爸，笨拙却用心的爱。,,日常,2026-06-29 19:35:36,2026-06-29,19,224,拍照的小绿绿绿,674579,606,84368,13974,6934,1225,3390
BV1K5Kf68E8N,无神怜爱的雪国，倒过来，就是“裹血的哀怜神舞”【普通原神考据·骤雪】,,手机游戏,2026-06-30 17:00:00,2026-06-30,17,1306,Muc虚空之翼,308420,1265,26237,5621,5737,1182,1596
BV1GyTg6BEwW,我觉得你是在无中生友,,绘画,2026-06-28 20:10:05,2026-06-28,20,86,笔心无忧BX,2972787,816,237499,5480,38575,3338,4045
BV1B77n6PEVP,印度男人，再次刷新人类下线#印度,,人文历史,2026-06-27 13:59:45,2026-06-27,13,314,玄机视界,1044765,7998,63864,717,8009,5657,2530
BV1y8LR6NEcg,【哈基米】极境升华！超级刀盾狗！,,特摄,2026-06-27 18:00:00,2026-06-27,18,299,毒影子,2619565,1123,51401,2694,27150,1575,602
BV1NVKo6pELT,1921→2026：从红船起航到伟大复兴，中国人民为何不可战胜？【世界见闻录×嘉兴传媒】,,日常,2026-06-30 18:05:00,2026-06-30,18,1269,世界见闻录,239941,467,25303,9862,6184,854,785
BV1pQKD6wEc6,第一次在芬兰市中心摆摊创业卖手工酱香饼蛋烘糕大爆单！咸甜粽子各国老外炫到狂飙中文！火爆街头大排长龙！,,美食记录,2026-06-29 21:17:57,2026-06-29,21,2133,雨琪在芬兰,1269990,8063,55684,21565,8069,542,1648
BV1qaKo6uErZ,庆祝中国共产党成立105周年音乐会在京举行,,日常,2026-06-30 07:50:45,2026-06-30,7,323,央视新闻,445051,0,78631,3763,4104,3745,840
BV1jFKQ6dEm9,喂，搞那么热血是要干嘛啊 # 三角洲行动,,网络游戏,2026-06-29 20:55:52,2026-06-29,20,14,daLincom,786670,115,50088,555,9817,9851,1609
BV1chKQ6vEdW,史 里 飘 香,,日常,2026-06-29 18:23:20,2026-06-29,18,99,可悲鸡翅,812925,248,57345,2459,8532,2728,965
BV1RZ786dEot,当我在MC中把反乌托邦、拼接遗憾和Sinos De Natal融合在了一起...?,,单机游戏,2026-06-25 17:58:34,2026-06-25,17,130,Vince丷,2501191,8275,430199,166821,258381,11752,7945
BV1efTu6uEga,105年，初心滚烫！,,日常,2026-06-29 08:30:00,2026-06-29,8,408,新华社,414555,2442,82978,19423,13380,4678,1253
BV1ZBKQ6fEpN,你是龙啊？你是虾子！！！！,,单机游戏,2026-06-29 18:04:46,2026-06-29,18,1166,失眠的老张,698601,994,23860,1527,5843,2324,444
BV1hhKD61EMJ,这集爆笑！瑞克自己和自己干……起来了！双倍腌黄瓜快乐！（瑞克和莫蒂·第九季第六集剧情）,,动漫杂谈,2026-06-29 22:23:47,2026-06-29,22,763,安迪视频,990877,2014,41672,4287,5083,716,2040
BV16s7b68EwG,自然光｜papi酱&窦文涛：驴与跑步机,,人文历史,2026-06-26 12:00:00,2026-06-26,12,9306,窦文涛的聊客,1654774,29345,47874,31465,37857,18279,4420
BV1oQTT6KEb7,致敬！中国首批缉毒警已全体退休,,日常,2026-06-28 19:30:00,2026-06-28,19,1154,央视新闻,1735200,19457,340087,129909,41660,9892,5996
BV1wYKQ6PEF7,《崩坏：星穹铁道》寰宇漫游变奏：「知更鸟•晴歌」,,手机游戏,2026-06-30 12:00:00,2026-06-30,12,18,崩坏星穹铁道,2545681,6375,229213,41242,31730,62238,33430
BV1EeTg6LEaK,首届《哈基米歌王争霸赛》总决赛,,仿妆cos,2026-06-28 20:00:00,2026-06-28,20,2281,林芷伊kiwi,1370942,4910,76137,9117,11873,9789,1993
BV1DP7K61ECY,你这一辈子有没有为进山姆拼过命？,,搞笑,2026-06-27 17:38:00,2026-06-27,17,65,菜包豆本豆,3165055,1130,241185,4266,22404,12819,5944
BV1tEKQ6CEZZ,强五组合,,搞笑,2026-06-29 20:05:53,2026-06-29,20,83,杰比的生活日记,639886,145,52987,609,3066,1604,947
BV1MWKd6dEti,楚人美游记21-真假楚人美，谛听都不敢说真话！【UP动画】,,小剧场,2026-06-30 13:46:03,2026-06-30,13,327,安奇米苏,245770,617,12126,1897,1256,142,460
BV1sCKD6qEuS,热恋官宣？熟人局尺度就是大！林一你的烧根本没退！《地球超新鲜2》,,影视杂谈,2026-06-29 20:41:09,2026-06-29,20,1034,噬元兽影视,587269,1330,12505,862,3582,818,782
BV15fKU6UEZp,极端热浪席卷欧洲多国，热一热百姓让领导先凉快？,,社科·法律·心理,2026-06-29 17:49:43,2026-06-29,17,992,麻薯波比呀,1424856,7612,82228,9474,9047,2360,7393
BV1wzTT6LE49,我把队友的7连跪剪成了艺术,,手机游戏,2026-06-28 18:29:04,2026-06-28,18,133,小艾Ain,2326980,303,116117,5580,11491,6267,2292
BV1VXT56UENV,铁罐轴承珠融合，最后会出什么花纹？,,三农,2026-06-29 17:00:00,2026-06-29,17,737,余铁匠打铁日常,884034,2581,71019,6527,5685,1356,2379
BV17k7W6CEda,尸潮来袭！开局一辆车如何在无穷的高架桥上存活下去！！「高架惊变100天2」,,单机游戏,2026-06-28 08:00:00,2026-06-28,8,1358,夏天y,1883317,3380,153656,78506,60917,1898,1755
BV1sSKX63EfB,这还是三角洲吗？核电站居然改这么勤快？这满满的求生欲啊！「三角洲S10赛季」,,网络游戏,2026-06-29 23:40:03,2026-06-29,23,312,Key725,859123,1974,27649,896,2835,2351,5891
BV1iZT36mE9d,如果有二次元高中是什么样子的？,,竞技体育,2026-06-29 01:52:52,2026-06-29,1,212,李藩混合物,1303795,782,68387,1348,8321,7236,2349
BV1GgTG66Etb,老外对中国cosplay竟这样评价…,,仿妆cos,2026-06-29 18:00:00,2026-06-29,18,350,河野华,957599,996,71614,2321,12286,2007,1568
BV1Cu7p6jEH5,4种红薯的满分吃法！有手就会…但能让你大为震撼！,,美食制作,2026-06-27 18:48:09,2026-06-27,18,498,元气八眉菌,3391191,785,149768,30994,157017,5548,656
BV1P4KQ6MEnj,《共患难》,,搞笑,2026-06-29 19:46:55,2026-06-29,19,132,李万基fit,1414125,847,89024,2986,3711,2019,1134
BV1JXTF6pEn5,路面施工，它被封在了里面,,喵星人,2026-06-30 17:34:42,2026-06-30,17,192,本喵叫兔兔,232745,563,21740,2294,857,210,1166
BV162Tu67EoC,这个男人他来了…,,颜值·网红舞,2026-06-28 21:25:34,2026-06-28,21,16,啊费定格动画,2221395,348,259848,13252,23408,2669,1374
BV16uTF6QEXg,我这辈子，跟家暴死磕到底！,,社科·法律·心理,2026-06-30 19:34:55,2026-06-30,19,222,法内狂徒高法师,79719,271,20032,3764,737,61,385
BV1Gu7H6tEse,我设置了全宇宙最安全的密码,,单机游戏,2026-06-27 11:16:01,2026-06-27,11,828,老番茄,4620547,5592,229165,48521,63767,6612,2923
BV1mm7L6TEnk,这些你能念出几个？大家一起睡前学英语(>^ω^<),,原创音乐,2026-06-26 23:11:39,2026-06-26,23,94,EVA齐瓦尔,2417852,667,78600,651,11581,534,1099
BV1uV7Y6sE29,你的史诗级BOSS已刷新,,搞笑,2026-06-25 19:38:24,2026-06-25,19,18,西蒙和安娜,1553019,262,134406,595,16096,966,1049
BV1Lm756EEBb,“错误的标准答案见多了，第一次见如此超模的正解”【AI教育の小曲】【灰色轨迹尾奏-DJ】,,音乐综合,2026-06-26 18:30:00,2026-06-26,18,279,早睡起大王,4324504,1902,337645,10603,52429,4321,6895
BV1Bajo6vEgo,hanser X 赖美云《室内系的Track Maker》,,综艺,2026-06-26 20:36:55,2026-06-26,20,137,哔哩哔哩弹幕网,1829298,631,74544,6449,28387,3844,1125
BV1dyKQ6RERa,“世界上最伟大的15秒大狗叫”《popular》【十分钟纯享版】,,鬼畜调教,2026-06-29 19:00:00,2026-06-29,19,600,废柴充能中,134665,40,15568,1816,6224,2306,450
BV1HQKD6wEUf,【本家二创】人是猫 喵卡贝拉版,,VOCALOID·UTAU,2026-06-29 21:04:10,2026-06-29,21,134,张卡斯,268256,464,57281,7048,24649,4897,2687
BV1K7KS6iEB7,《赛博朋克：边缘行者 2》｜官方预告片,,预告·资讯,2026-06-29 23:30:00,2026-06-29,23,91,CD_PROJEKT,1222635,1352,85752,23270,21025,65638,10611
BV1sZKf6FEf5,红魔游戏平板5 Pro上手体验：又帅又强大的8E5小平板！,,数码,2026-06-30 19:18:12,2026-06-30,19,681,极客湾Geekerwan,460124,1081,14824,1515,1811,1127,2248
BV14y7p6pE5J,今天我要拍的男团是_____,,出行,2026-06-29 19:00:00,2026-06-29,19,160,笙笙和夕夕,808796,635,38463,1534,6721,1639,1367
BV1fmKd6uEWK,火影真正该规范的通用规则,,手机游戏,2026-06-30 10:40:59,2026-06-30,10,187,比奇堡-世一泳裤,237811,166,16327,1423,1407,532,1078
BV14RKf6wEXP,惊惧，自卑，狂躁的表情，为何出现在《教员》脸上,,社科·法律·心理,2026-06-30 19:24:01,2026-06-30,19,715,老王聊天,179998,524,13380,2687,1897,860,580
BV11C736WEje,法国人：中国人总是一脸轻松的说出残忍的话。中国人：天气这么热，你们为什么不装空调？,,人文历史,2026-06-26 17:50:00,2026-06-26,17,435,文同学文案,4109918,19500,108700,3392,17790,8812,29162
BV1vBTg6kEpd,终极硬筋流狂铁12.0，何为对抗路的尽头,,电子竞技,2026-06-28 19:21:37,2026-06-28,19,343,江东蟹宝王,1240297,377,56243,4754,42627,1702,1140
BV18zKR6dEBA,三角洲行动 拳打MK47，脚踢M14！策划究极数值之作！SVCH的全面解析与最强改法教学！【S】,,网络游戏,2026-06-30 10:00:00,2026-06-30,10,372,Always聪聪,542528,431,19576,1443,11969,1158,2205
BV1GCTg6uEvY,⚡️顶级智斗⚡️,,影视整活,2026-06-28 20:13:45,2026-06-28,20,115,MillonW,1405997,835,78330,5200,62260,721,513
BV1yCTF6bEMu,"""我来自那个高手如云的时代""在MC中极致还原X-COOL!",,单机游戏,2026-06-30 17:07:59,2026-06-30,17,117,Vince丷,60925,207,10533,1738,3535,156,236
BV1zTKZ6LEvW,回到30年前的老家，生活48小时！,,日常,2026-06-30 17:50:00,2026-06-30,17,1186,vivi可爱多,483253,312,6446,581,956,219,265
BV1RjKZ6uEYQ,第22集|外卖小哥穿越修仙世界，发明了避雷大阵,,影视剪辑,2026-06-30 17:00:00,2026-06-30,17,664,绯红天尊,176555,899,10937,8720,2023,240,961
BV1pATu6mEJg,打工3小时 工资20万 中国第一毒村兴衰始末！,,动漫杂谈,2026-06-28 18:05:00,2026-06-28,18,754,野人少女79,1634524,559,28775,2013,18644,251,410
BV1DNKf6vEYn,西班牙央视到访？先嗦完这碗面再说,,美食记录,2026-06-30 17:00:00,2026-06-30,17,497,西班牙陈挺,325802,823,32551,2633,1508,147,808
BV1FFTN6PEST,全球首发！核电站彩蛋！36位密码门！空气墙迷宫我们整出来啦！「三角洲S10赛季」,,网络游戏,2026-06-28 09:00:00,2026-06-28,9,616,Key725,3083892,2119,151030,42213,82013,16355,7571
BV1uEK96HEoj,81老人卖菜获博主帮助后遇车祸去世，博主自责道歉,,社会,2026-06-29 23:22:53,2026-06-29,23,49,九派新闻,2106300,1997,229531,4441,10906,2756,8709
BV1bKTM6dEnY,道友？你来真的啊？【凡人官方二创大会】,,手工,2026-06-28 16:55:36,2026-06-28,16,709,流音一直戴着耳机,917848,1405,31775,21879,6864,1691,1399
BV1Yrjo6bEk6,陈睿《让好内容发生》,,综艺,2026-06-27 01:40:09,2026-06-27,1,1024,哔哩哔哩弹幕网,1740241,652,63051,5150,6793,5870,3995
BV1UB736oEBD,【涤墨作战】全关卡全任务 摆完挂机 简单好抄 （更新至6.30阴郁影棚 危机合约墨染书阁620 ）,,手机游戏,2026-06-26 16:13:49,2026-06-26,16,1854,萧然Q,2927154,1744,58330,48813,16816,4436,3566
BV17jTw6REJc,加盟勇士？詹姆斯到底去哪儿？四大球队最强解析！,,篮球,2026-06-30 21:39:52,2026-06-30,21,715,太吾车神,219487,2586,6455,737,959,534,2839
BV14QKo6xEVg,也不挣钱，就纯劝,,短片,2026-06-30 16:00:45,2026-06-30,16,598,你的陈星越,233469,333,19176,2526,5221,886,698
BV1jRKU6HEdG,手刃完颜专员，重创罗马奇观，降伏圣女贞德，最强英国主公！【帝国时代4】,,单机游戏,2026-06-29 17:27:33,2026-06-29,17,1296,DarkCarrot,789252,4032,54926,27343,11275,1909,1996
BV1emKQ69EcB,《崩坏：星穹铁道》寰宇漫游变奏：「砂金•戏浪」,,手机游戏,2026-06-30 13:00:00,2026-06-30,13,17,崩坏星穹铁道,1962849,5092,173983,21786,18125,42196,23628
BV1jx7s65EDm,李世民和朱棣唱《像我这样顺位的人》，越听越委屈,,人文历史,2026-06-27 20:25:07,2026-06-27,20,47,春余夏浅,553956,495,42345,2796,9282,11259,2085
BV1v47s6kEzf,多功能求生吊坠 第四轮迭代汇报,,日常,2026-06-27 20:41:59,2026-06-27,20,186,一诺求生录,933446,203,66241,1162,11828,394,1008
BV1uB7V6iEqm,复古未来主义沙画「夜泳」,,绘画,2026-06-26 21:31:18,2026-06-26,21,159,Raven沙画,764606,229,80373,4338,14152,1636,861
BV1SbTu6fEc5,【群星】第三集，人类联邦最悲壮的第二个十年,,单机游戏,2026-06-28 23:40:04,2026-06-28,23,420,喵劳大,498689,394,30677,738,3936,271,612
BV1kx7h6qEpV,工地喝10斤水，吃一桶稀饭，天气热了睡地上,,美食记录,2026-06-29 11:54:58,2026-06-29,11,372,农民工川哥,1411931,490,36488,3354,7319,891,1471
BV17ZKU6JEgo,当我试图驯服ai做短剧（3）,,影视剪辑,2026-06-29 17:31:49,2026-06-29,17,58,打工喵i,1952604,375,137898,3168,19349,7647,1555
BV1KrTw6BEXh,审核了不止十年的低创鬼畜,,鬼畜调教,2026-06-28 04:44:03,2026-06-28,4,181,_还会回来吗_,512799,1172,113716,11519,15866,4224,4076
BV1Fv7H66E7M,这辈子过得最痛苦的生日...,,美食侦探,2026-06-27 19:40:57,2026-06-27,19,1490,盗月社食遇记,1439618,5914,139867,26313,15442,1447,2332
BV1ZkT56xEEC,除了学习什么都学的舅舅！！40集,,同人·手书,2026-06-29 11:17:42,2026-06-29,11,384,猫meme电影院,1273672,615,73267,8319,56614,413,531
BV1Gu7H6tEww,最好的鸡群守护者,,搞笑,2026-06-29 11:30:00,2026-06-29,11,30,勇哥歪讲,2120778,443,214025,748,16091,1217,5218
BV1Wr7n62EoZ,空历板载的来,,网络游戏,2026-06-27 12:53:03,2026-06-27,12,59,懒得洗牌的社长,1143539,255,109529,687,12096,2374,964
BV1CxTG6bEQe,被诋毁的“三系杂交稻”到底有多牛？看懂它才能看懂中国饭碗【主播说三农】,,三农,2026-06-29 00:17:17,2026-06-29,0,291,央视农业,1267338,4479,191144,32095,12141,3195,8437
BV16tTg6JEjT,终于把好哥们处成了情侣!,,日常,2026-06-28 19:29:38,2026-06-28,19,147,老吴和小付,1452023,851,31580,4821,8946,4284,3849
BV1jdKU6DEXW,板面：为什么那么多人爱吃？？！,,美食制作,2026-06-29 17:22:11,2026-06-29,17,429,上班族的便当,709738,1396,32609,2002,7653,2188,1787
BV1cGTw6bE3G,恶女！！训狗！！文学！！！爽啊啊啊！！！,,日常,2026-06-30 22:57:09,2026-06-30,22,2590,聊点什么叭,108882,1240,12881,7966,3805,552,1221
BV1D9KQ6UEiA,护士姐姐：学吧，这就是商务枪法.丨《内脏医生》02,,单机游戏,2026-06-30 16:30:00,2026-06-30,16,2160,小熊flippy,200414,2061,20167,15509,7857,541,1135
BV1sDKR6EEyU,全网爆火智商小游戏，笨蛋根本玩不明白,,日常,2026-06-30 17:00:00,2026-06-30,17,397,在下哲别,293079,675,29755,7480,3859,333,588
BV1LcKS67Efe,顶疯作案，掩月之巅【凡人官方二创大会】,,小剧场,2026-06-29 15:57:22,2026-06-29,15,143,么鸣堂,453453,965,29353,4275,3605,1980,848
BV1ix7s6VEu9,看看赶海都能遇到啥,,三农,2026-06-27 20:47:22,2026-06-27,20,130,辉老板赶海,1946303,765,43970,878,3796,345,217
BV1RdTT6YEh2,【原神幼儿园】草神的拼音课,,MMD·3D,2026-06-28 18:34:57,2026-06-28,18,84,原神幼儿园-持续更新,490895,691,80110,5478,13956,8137,1311
BV1U3Kf6hEUH,谁会在自己生日这天cos尚勃勒啊？那当然是我这个老登了！,,日常,2026-06-30 12:14:51,2026-06-30,12,18,战辉,366410,2127,48332,816,1551,264,680
BV1cp7L6xETe,夫妻生活太无聊，所以我……,,计算机技术,2026-06-27 08:00:00,2026-06-27,8,306,英雄哪里出来,2841968,3995,49672,19140,34924,626,663
BV1iejo6PEzj,唐国强《在B站，与经典的另一种相逢》,,综艺,2026-06-26 22:06:02,2026-06-26,22,778,哔哩哔哩弹幕网,842406,1153,30470,3969,6561,763,722
BV1a77j62Ekx,和江西老爸，挑战江西一日三餐！！到底多好吃？？,,美食侦探,2026-06-27 11:00:00,2026-06-27,11,800,Meetfood觅食,3538672,13270,293160,39708,35802,6464,5682
BV1L27G63EdR,大 周 礼 时 代(4),,小剧场,2026-06-26 17:00:00,2026-06-26,17,88,诸葛皮皮9527,5622576,10540,577171,39633,92020,16894,15245
BV1sa756bEq3,父母催婚话术是如何做到全国统一的,,搞笑,2026-06-28 17:15:00,2026-06-28,17,37,菜包豆本豆,1753645,333,207016,1741,19828,8850,2310
BV1DAjR62EpD,那些裸辞搞OPC一人公司的人，现在怎么样了？AI时代三大“骗局”：一人公司、openclaw、AI培训,,软件应用,2026-06-24 16:00:00,2026-06-24,16,397,图灵的猫,1536871,504,23476,1573,12888,4446,520
BV1vUT56HE1h,苏尔南需要我们！地铁逃生2周年版本重磅开启,,网络游戏,2026-06-30 09:30:00,2026-06-30,9,105,和平精英,1492503,9677,44339,689,9330,460,1079
BV1wzTT6LEh5,【TF家族练习生】《突围II破局》EP01：先放空的人，才有力气往前走（下）,,明星综合,2026-06-28 19:00:00,2026-06-28,19,3854,TF家族,1675476,656340,64525,6750,31133,1906,10041
BV188KZ68Ewx,高考查分时的尴尬瞬间,,搞笑,2026-06-30 14:59:52,2026-06-30,14,64,矮油王老六,555027,65,40126,529,1112,155,763
BV1gqTw63EMy,瓦电ON | Come Back,,电子竞技,2026-06-30 22:00:00,2026-06-30,22,3041,EDG电子竞技俱乐部,114756,2139,9478,4843,3295,1099,1007
BV18SKf6vECD,姐妹俩被天津的菜码震惊到了！心心念念的红烧牛窝骨简直太香了～,,美食侦探,2026-06-30 19:17:15,2026-06-30,19,1567,方芳的快乐生活,178900,1672,12210,6182,1858,791,490
BV1tB736ZEs6,《虎吹最难绷の一集》,,搞笑,2026-06-27 12:00:00,2026-06-27,12,125,伤心欲茄222,5231764,6178,373011,6476,22005,3413,19253
BV1cDTF69EYB,我姥做的铁锅炖的鱼，太香了真是第一了哈哈,,三农,2026-06-30 17:37:00,2026-06-30,17,367,八零徐姥姥,260386,594,18958,955,878,294,463
BV1r67q6HEGb,【人森】有情人终成“家属”,,单机游戏,2026-06-29 17:00:00,2026-06-29,17,2142,里昂聊游戏,1176433,10277,41498,6598,37935,246,922
BV1TzTF6wEKx,“我想说其实你很好，你自己却不知道”,,影视剪辑,2026-06-30 17:06:09,2026-06-30,17,150,柑宝,98096,192,8201,3301,2870,869,354
BV1sGKR6LEzZ,赛后情书：营销大王日本队32强出局，安切洛蒂正反手教育森保一巴西赢麻了！,,足球,2026-06-30 06:18:57,2026-06-30,6,668,HC王楚淇,487539,4446,16922,8264,2592,1262,4585
BV1T47j6zEF1,对最近的回应与澄清,,搞笑,2026-06-26 22:13:31,2026-06-26,22,116,路西法Lusiferr,3832413,9299,393673,53037,26263,4802,12793
BV1rbTc6oEwi,【旅行TV】内蒙古和海南的都哭了,,小剧场,2026-06-30 23:49:50,2026-06-30,23,107,大乾乾是顾乾宇,112673,244,20821,806,1363,1346,954
BV1Ab7W6pE9a,超神人辉夜姬 第二集,,综合,2026-06-27 23:06:26,2026-06-27,23,993,咖啡大慕斯,740261,948,81269,6938,28341,8544,1738
BV1p5TL6eESL,“以前别人可怜你，因为你穷。现在别人恨你，因为你有钱。十个有钱人，九个都招人讨厌”漫谈《发达秘笈/发财秘笈》,,影视杂谈,2026-06-29 11:31:34,2026-06-29,11,6130,Kimo桑,673705,2152,14650,1887,4792,471,1232
BV1LjKZ6uE74,庆祝建党105周年微视频《光影里的百年信仰》,,日常,2026-06-30 20:00:00,2026-06-30,20,223,央视新闻,241018,656,44463,7044,5059,1848,535
BV1crKd65ETD,再现 月色倒映在西湖,,日常,2026-06-30 09:50:46,2026-06-30,9,87,上官龍輝,311277,177,32616,1446,3573,603,282
BV1W8T56vEhH,电！量！满！满！,,综合,2026-06-29 13:01:01,2026-06-29,13,31,阿岱菌,819544,216,95478,1584,19969,5547,1676
BV1uxKZ6AE15,探秘纽约唯一江西米粉！一碗80元，到底多好吃？,,美食侦探,2026-06-30 17:00:00,2026-06-30,17,517,Meetfood觅食,258215,1950,18572,3880,2910,754,1189
BV1gg7h6UEs8,嘉 豪 领 域,,网络游戏,2026-06-25 16:18:50,2026-06-25,16,121,圆球鼠STG,3614327,710,181315,6216,86029,7547,2913
BV1cDTF69EGv,热浪逼得欧洲政客精神分裂：最反感空调的政客，也开始呼吁有限度安装,,社科·法律·心理,2026-06-30 17:37:10,2026-06-30,17,917,肝帝董佳宁,188622,2629,15017,1885,2054,579,1704
BV1km736DE9j,【VIVINOS】原创剧情🌠 Zombie Stage｜ROUND 1 Candy Scar,,日常,2026-06-26 17:10:00,2026-06-26,17,306,VIVINOS,2290322,32211,172264,45889,66839,50106,10913
BV1S97H64E4c,终于知道为什么当初反派都会愣住了……,,翻唱,2026-06-27 18:37:05,2026-06-27,18,34,我是真的苹果羊,1041210,216,107866,2117,17815,1360,2531
BV15NKQ6pEvN,恶魔日本天皇，却有一个良知尚存的弟弟,,人文历史,2026-06-29 20:17:25,2026-06-29,20,164,约士丁尼,349856,296,25410,551,4501,284,747
BV1MYTF6KEzV,漫漫长夜！德国队连续三届世界杯耻辱止步32强,,足球,2026-06-30 18:25:10,2026-06-30,18,747,黑化方块,253473,2462,9075,3462,1784,1690,2841
BV1LKK968E43,【涤墨作战7人870】望：我从地狱杀回来了！,,手机游戏,2026-06-29 22:54:33,2026-06-29,22,404,海嗣攻略组,441284,593,27603,11911,5729,6255,4059
BV1RdTT6YEhY,当尼泊尔挽歌用上黑海动作：这下有力气了,,电子竞技,2026-06-28 18:34:57,2026-06-28,18,51,XM25,1605786,350,65241,899,4692,8419,3030
BV11YKZ6xEZU,全球手发！RTX 5090DV2 FE 公版！我手搓了全世界仅此一张的显卡,,数码,2026-06-30 18:00:00,2026-06-30,18,914,ACG外观研究社,192872,254,17706,4531,3082,69,174
BV1eqTM6vEcX,只用赏心悦目的忍者上段！#4,,手机游戏,2026-06-29 18:05:00,2026-06-29,18,1001,赵小天咯,420525,1254,45666,29055,14185,320,986
BV1EB7G62EGE,一集吃爽！在重庆的肥肠鸡加串串香到底有啥不一样？！！,,美食侦探,2026-06-27 11:30:00,2026-06-27,11,285,特厨隋坡,2217103,1937,214509,5018,16747,5048,2712
BV1WB7j6AEpH,⚡️ 高 质 量 人 类 ⚡️,,宅舞,2026-06-27 12:25:00,2026-06-27,12,68,兔总裁s,4859494,3056,184504,13354,35355,9758,4068
BV1GXT56UEbi,他们本可以准时下班，却为你扛下了风险和麻烦,,亲子,2026-06-29 11:37:39,2026-06-29,11,82,明月清风卡or漫改,1683065,95,56119,1047,17310,110,857
BV1YK7h6HE7Z,对话Lilwukong：被骂了三个月，我敢说 AI 才是音乐的未来,,计算机技术,2026-06-26 21:58:02,2026-06-26,21,555,林慈丰AI,2146242,797,65707,1239,13146,1841,1554
BV1sb756hELD,【自制动画】佐鸣抖肩舞！！！,,同人·手书,2026-06-26 17:29:25,2026-06-26,17,141,h-蝎酱,677861,578,16209,2069,3250,2527,797
BV1RTTN6tE9G,恐龙后裔：为了保住进化论，科学界闹出了怎样的世纪笑话？,,科学科普,2026-06-28 08:29:08,2026-06-28,8,486,大圆镜科普,1339194,1232,104228,4718,12691,1083,1333
BV1ptTg6nEAm,这一刀 会很帅,,单机游戏,2026-06-28 19:32:01,2026-06-28,19,1397,杨齐家_,2019106,6453,101777,10075,19566,1234,3223
BV1Ya7V66EAS,我把你们逆天炸裂的想法都做到了MC里...?!🤣 #10,,单机游戏,2026-06-27 11:30:00,2026-06-27,11,464,认真猫,2241569,2481,106355,10729,60947,1793,1972
BV1z57n6NEna,【原神动画】局中人？,,手机游戏,2026-06-27 18:15:05,2026-06-27,18,627,御手洗板蓝根,277272,4616,51080,27051,32675,6047,1517
BV1AiTT67E4W,刻板印象之四川人的一天,,日常,2026-06-28 18:18:56,2026-06-28,18,104,在下伊隐,1075866,2987,69318,629,5754,4459,5359
BV1mB736oEpN,幸运鼠鼠！！！,,同人·手书,2026-06-26 16:15:45,2026-06-26,16,159,超级蓝狼狼,5364512,1121,195327,6099,45427,793,2290
BV1WFTF6ZE2P,社会主义者横扫建制老顽固：纽约红旗能打多久？ 瓜熟迪落拉X波士顿圆脸,,社科·法律·心理,2026-06-30 19:06:47,2026-06-30,19,3100,波士顿圆脸,205878,624,14617,1344,2414,202,391
BV1jFKQ6dEcw,该从哪里认识女孩子呢？(希望对大家有帮助),,日常,2026-06-29 20:58:44,2026-06-29,20,219,倪羡浈浈,221018,250,10552,644,8274,1053,1931
BV1dC7H6PENh,捡块油漆就被逮捕？金毛奶龙花1400万美元把林肯纪念堂变成了纳垢脓汤？真的如此吗？,,日常,2026-06-27 20:18:26,2026-06-27,20,202,赛博审判官,738258,988,64077,697,7332,3297,674
BV1R7KZ6BEce,🐱这 是 茂 啊 ？🐱,,人力VOCALOID,2026-06-30 17:30:00,2026-06-30,17,68,暂离二度,148720,25,12092,1939,4244,1625,415
BV1st7G6WEYR,去了一趟潮汕。,,数码,2026-06-26 17:00:00,2026-06-26,17,1192,影视飓风,6066852,22237,238926,77197,46197,21611,11211
BV1czTT6LEff,全程不说话搞笑挑战（精神小伙版）,,搞笑,2026-06-28 18:31:13,2026-06-28,18,179,社恐阿健,417266,461,43475,762,7024,1675,1082
BV1c8KS6tEQM,力竭了！为何《鸣潮》的追逐戏，总差一口气？,,单机游戏,2026-06-29 19:30:00,2026-06-29,19,298,CoCoStro,127654,348,8989,1447,835,344,1648
BV1r5KX6NE29,「千星奇域×鬼泣」维吉尔 科目一 全流程 请考官打昏！,,日常,2026-06-30 02:38:47,2026-06-30,2,46,只存在于评价里的表情,182980,121,16973,1533,2307,3317,529
BV1rR7V69EwA,致命的救生绳,,日常,2026-06-26 20:27:50,2026-06-26,20,73,一诺求生录,2678249,761,203661,8721,9649,715,4475
BV1EXTF6pEiQ,【TF家族练习生】《TLOG》12:6月短视频花絮,,明星综合,2026-06-30 18:00:00,2026-06-30,18,606,TF家族,270511,58565,10666,727,3023,196,1258
BV1Jo736CEaN,恐怖世界 第2集 和姐姐一起被食人魔追杀 【AI全民制作人】,,国产原创相关,2026-06-26 16:30:46,2026-06-26,16,152,-严厉的月亮-,702186,409,59006,3000,13926,497,588
BV1aKTg6eETx,一间小院，一家三口，用满院的烟火气，为孩子的未来点亮星光,,日常,2026-06-28 20:48:52,2026-06-28,20,138,油克东东,640439,253,55957,17524,1653,125,598
BV1kL746ZEpF,龙雅寻找“神秘”白头蝰！竟偶遇菜花原矛头蝮？,,科学科普,2026-06-25 18:30:00,2026-06-25,18,511,世界记忆大师龙雅,594927,899,19119,3336,3663,322,1855
BV1hjT56VEW8,我的钱呢？韩红老师,,汽车生活,2026-06-29 12:11:07,2026-06-29,12,159,叶问讲车-,327844,849,17804,5838,1931,1424,4282
BV1yF786iEaX,这可能是北舞那年“最离谱”的毕业作品,,健身,2026-06-26 18:30:00,2026-06-26,18,144,酸子阿,1506331,987,38105,7167,4617,2078,1549
BV1r3KD6bEUQ,民警一条视频为您讲清派出所和公安局的区别,,日常,2026-06-29 14:30:00,2026-06-29,14,46,新华网,1872976,511,118590,848,7765,561,3876
BV1mJTG6YET7,【纯科普向】后室到底是个什么东东？《后室》电影没讲的背景、世界观全在这了，让我们回到最初的那张照片！——看不看均不影响，看了更妥,,影视杂谈,2026-06-29 16:00:00,2026-06-29,16,2574,迷影区间,418334,1859,12468,2694,7818,1861,881
BV14xT56TEFf,循环歌单|【Life Goes On】|“【向前看の小曲】”,,乐评盘点,2026-06-30 08:00:00,2026-06-30,8,3024,蛋某人音乐,460576,150,34194,1053,25213,246,415
BV1h2jR67ENv,我真傻，真的,,翻唱,2026-06-24 17:20:44,2026-06-24,17,80,SUN是太阳啦-,3662222,821,304487,24299,46727,12780,5539
BV1zi7Y6BEdS,《原神》超越PV——「骤雪」,,手机游戏,2026-06-26 12:00:00,2026-06-26,12,1257,原神,7797637,69027,599326,408967,167427,167458,64380
BV1anKZ6iEd1,回去吧，你太老了😒【洛克王国世界】,,网络游戏,2026-06-30 14:35:37,2026-06-30,14,120,魔鬼鱼丶,242780,319,17044,2306,1480,660,1150
BV1F2jd6TE9P,【深度科普】为什么AI越聪明，你反而越不会工作了？,,计算机技术,2026-06-24 19:30:00,2026-06-24,19,793,GenJi是真想教会你,1739244,690,37389,11448,10647,533,383
BV197KZ6iEMT,【异世界情绪】日文翻唱《いますぐ輪廻/即刻轮回》,,翻唱,2026-06-30 19:00:00,2026-06-30,19,132,异世界情绪,77171,77,12889,5693,6570,2668,529
BV1y5Ko6DE8D,太逆天了！精致女生离婚带娃被富二代总裁狂追、富婆买包一天狂花61万？近期互联网热门逆天人设赏析！,,日常,2026-06-30 09:55:28,2026-06-30,9,1351,正经的老邪,256728,4079,13299,2864,1531,465,991
BV1wb7H6yEVj,我用3千多根木棍做了张分压点阵床,,家居房产,2026-06-27 19:44:29,2026-06-27,19,119,闲人祝幸福,2492063,728,65076,1610,5352,822,3357
BV1jf7n6NEQW,行宫与战舰，天津出发前往丹东探索了两处溥仪行宫和一艘致远舰复制舰，310T进化成703F了,,出行,2026-06-27 13:30:13,2026-06-27,13,1524,孙探长笔记,182945,1272,10957,1903,1955,165,390
BV1YsTF6rEzj,【人民的名义39】沙瑞金如何拆掉李达康和高育良的简易同盟？,,影视杂谈,2026-06-30 17:59:11,2026-06-30,17,1093,貔柴,215131,860,9769,2667,1419,91,951
BV183KS66Eij,预制水后！全面分析杨紫这座白玉兰奖杯到底掺了多少水！！,,娱乐杂谈,2026-06-29 18:05:00,2026-06-29,18,737,伤影zzz,414926,2457,12549,3779,1802,585,2296
BV1ci7W6mEUr,脑瘫挑战麒麟臂吃果冻,,健身,2026-06-27 22:40:55,2026-06-27,22,182,阿呆去流浪,386842,2756,66365,26215,3049,1552,1841
BV17FKQ6dE87,当CFM暑期版本送福利Belike,,GMV,2026-06-30 11:00:00,2026-06-30,11,81,穿越火线,571152,2214,35325,772,2301,3698,1667
BV1tiTF6PE2J,【Tarokiki 翻唱】Wish You/也许你愿意,,翻唱,2026-06-30 18:36:28,2026-06-30,18,243,Tarokiki_music,102739,91,16851,9838,3701,1465,1528
BV1poKR65ERV,涤墨作战 望单人715,,日常,2026-06-30 03:54:31,2026-06-30,3,516,蛆厨,230363,482,18146,8018,4189,5995,2344
BV1bpKd64EZU,【新歌】许嵩《一见如故》中国风新曲！犹抱琵琶半遮面,,MV,2026-06-30 11:48:21,2026-06-30,11,262,音乐私藏馆,203025,717,11412,4621,3606,1660,1259
BV1jhjR6bEfX,这是我们所有人救下的小猫,,同人·手书,2026-06-24 19:31:08,2026-06-24,19,137,猫太多本多,1354883,1122,314589,254935,54712,2093,2695
BV1QZK969EHa,小傻龙：“我俩天下第一最最好~”,,日常,2026-06-30 07:15:00,2026-06-30,7,61,小陈的脚凑凑的,407976,119,52033,3193,12744,1117,665
BV1j1T56WEmf,⚡当 代 林 则 徐⚡,,鬼畜调教,2026-06-29 19:00:00,2026-06-29,19,90,红色激情,298892,182,48498,1627,1570,319,1598
BV1HMTF6pEGD,(完整版)呀啦啦啦 ヤラララ YARARARA【Emoji】,,日常,2026-06-30 19:39:43,2026-06-30,19,156,虚假的朋友-虚鹏,72351,777,10130,2032,3418,121,511
BV18SKf6vES1,【睡前消息1072】海力士不看学历  南非对中国顺差,,社科·法律·心理,2026-06-30 19:24:57,2026-06-30,19,1445,马督工,152442,448,8077,2696,2303,273,1027
BV1mkKD6MELU,知名游戏称“引狼入室有什么不好?”《中国妇女》评：女性安全不容娱乐化，女性受害事件不容“玩梗”！,,社会,2026-06-29 20:41:15,2026-06-29,20,32,大象新闻,595629,199,70740,2014,1673,3541,1104
BV1YcTM6FEnb,【循环歌单】“当好兄弟半夜发消息感谢你时”【The Other Side Of Paradise】“补豪 吾儿危矣の小曲”,,日常,2026-06-29 07:53:00,2026-06-29,7,2247,喻言_Coura,311728,386,35175,1083,25139,171,310
BV1CSKD6YEpL,想赢的人脸上是没有笑容的，可赢不了的人是会破防的…,,汪星人,2026-06-29 20:20:16,2026-06-29,20,109,飞飞feifei,275517,145,10489,670,814,211,249
BV1mhTu6tEnC,周一了 ，王处来了，王处教您为什么要做防呆设计，兄弟们，你们见过哪些搞笑的防呆设计？？#程序员 #职场 #防呆设计 #seko无限画布 #sekoai,,日常,2026-06-29 07:00:00,2026-06-29,7,326,老头们的快乐生活,291917,410,18229,716,1565,894,755
BV1KY7t6KE83,女忍者改造人 / 镜音铃,,同人·手书,2026-06-25 19:00:00,2026-06-25,19,201,謎J_official,1530867,15147,192159,54430,117224,12425,10604
BV1cx776cE57,菲比一直在找咕咕嘎嘎...,,日常,2026-06-27 12:00:00,2026-06-27,12,214,牛肝er,1041855,531,94551,14829,20339,4691,2309
BV1JR7p61ER9,大理就是个巨大的成人兴趣班…完全小众的大理打开方式…,,出行,2026-06-27 17:03:41,2026-06-27,17,1568,超Carry的柴西,1315666,4526,49503,21709,18009,5539,2598
BV1BYKf6jEV9,互换职业8小时，我能赢吗？,,赛车,2026-06-30 20:28:34,2026-06-30,20,1315,Upspeed盛嘉成,160118,1153,7995,2704,1965,961,145
BV1G97G6iEMT,逆天祖国人,,影视剪辑,2026-06-26 17:30:00,2026-06-26,17,114,瑄羽猫,1889543,715,127026,4306,20759,6301,1698
BV1pcKZ6nE1r,“误入荒村，这拜的是哪尊神啊？！”,,单机游戏,2026-06-30 18:00:00,2026-06-30,18,781,盒子酸奶,84240,284,7642,724,1071,122,193
BV1PsKQ6zESC,第132期给工厂师傅做的四菜一汤清蒸鲈鱼、蛏子煎蛋、清蒸龙虾，蒜炒空心菜，丝瓜蛋汤，从买菜开始教学，在家就能做,,美食制作,2026-06-29 19:58:57,2026-06-29,19,447,阿蔡美食雕刻,322657,425,28480,1139,2684,511,394
BV17Z7a6vEKo,我吃遍了西安最強的街頭小吃，第九家強得離譜！,,美食侦探,2026-06-27 11:00:00,2026-06-27,11,1673,丹牛食走起,1875952,4954,41808,15103,24032,11533,3288
BV13cTM6cEf7,【Reaction】女生最少的5款游戏,,乐评盘点,2026-06-28 17:12:32,2026-06-28,17,231,沙雕网友咸叽叽,1676734,6752,127700,2067,14997,1575,8641
BV1jkT56xEZr,历史上有哪些传世文献没记载，而是通过考古发现的大／中人物？（第二期）,,人文历史,2026-06-29 18:00:00,2026-06-29,18,2211,长河飞烟,254344,951,12145,4842,4561,238,494
BV1pHTg6WEza,山东的好看也分很多种,,搞笑,2026-06-28 20:57:22,2026-06-28,20,30,一铭mingming,2022207,456,175266,930,8432,7377,5705
BV1yZKo6HE2W,恐怖世界 第4集 卢德王【AI全民制作人】,,国产原创相关,2026-06-30 15:39:43,2026-06-30,15,206,-严厉的月亮-,134111,230,22682,3803,4283,221,417
BV13VK96REyZ,三角洲新赛季最逆天的发现，回响无限制扫描,,网络游戏,2026-06-29 22:29:59,2026-06-29,22,31,小怂弟,1262060,583,82111,885,12295,29409,2247
BV1mF7p6pEX5,诋毁袁隆平、抹黑无底线：农业造谣者有多无法无天,,科学科普,2026-06-27 18:22:52,2026-06-27,18,454,中国食品报融媒体,2755184,15791,203894,34571,26913,6364,11865
BV1T4Kd69En9,【鬼畜全明星】远走高飞（❌）远走coffee（✅）,,鬼畜调教,2026-06-30 12:10:00,2026-06-30,12,67,董润祺,416484,122,28607,1602,2960,464,332
BV1hgTG6zEo7,伪人丁亮看完这集吓得78天才缓过劲,,鬼畜剧场,2026-06-29 00:08:51,2026-06-29,0,161,学徒莙,241652,352,13481,757,5432,455,181
BV1q9Tu6kEND,我的宝宝生了个跟它一模一样的宝宝,,喵星人,2026-06-28 22:29:33,2026-06-28,22,112,治愈小咪,394214,138,71320,919,10418,2072,668
BV1KEJ36bEid,【全程回顾】BILIBILI 17周年庆,,综艺,2026-06-27 10:21:53,2026-06-27,10,5864,哔哩哔哩弹幕网,4442003,491,16913,1558,9906,674,371
BV1Dn7q6NERZ,《当唐僧学会反诈》,,日常,2026-06-26 11:33:18,2026-06-26,11,273,央视新闻,1147777,4229,115390,18733,12272,12998,2509
BV1avKR6bEoo,真正的胃袋传奇小瑶！一天猛吃1万卡食物，“我越来越饿啦！”,,影视杂谈,2026-06-30 11:30:00,2026-06-30,11,630,网友暮雨,664592,1425,14211,1353,5527,1142,1304
BV12TTK67Epo,【如果人生注定要分别，那相遇还有什么意义？？？】,,搞笑,2026-06-28 13:38:25,2026-06-28,13,91,富贵咸蛋黄,382663,196,56547,8339,29852,3212,1571
BV12w7s6fEih,乘风2026｜《会开花的云》舞台｜曾沛慈&李心洁,,明星综合,2026-06-27 21:47:33,2026-06-27,21,300,曾沛慈_TsengPets,656018,18153,52421,50522,24610,10394,13046
BV1sq7E6rEJU,"""这个遗憾，鬼畜区拼接了十年""",,鬼畜剧场,2026-06-27 10:00:00,2026-06-27,10,120,假君c,444826,6138,127799,27283,43989,5459,2962
BV1hW7j6kEg9,北极荒岛生存3天：不带淡水，抓到什么吃什么,,出行,2026-06-26 22:39:37,2026-06-26,22,2431,蜀犬吠日SCFR,1547168,7829,48916,38227,16020,5217,2194
BV1Dm7J6XEEh,【历史】穆斯林从何而来？深度追溯1400年前，伊斯兰的起源(1/4),,影视杂谈,2026-06-27 17:00:00,2026-06-27,17,2376,青蛙刀圣1993,962899,9438,49429,25566,35346,3861,3886
BV11LjR6BExN,优雅永不过时,,网络游戏,2026-06-24 19:04:26,2026-06-24,19,138,_离咕咕,1929081,593,110443,1179,13479,3570,535
BV13o7W6PEcJ,《我落泪情绪零碎》,,明星综合,2026-06-27 22:02:55,2026-06-27,22,293,王濛,1384278,34222,51470,39496,16025,13654,22349
BV1aATg6iE4m,只需要用开水烫一烫 就能做出超好吃的凉拌牛肉！简单方便！酸辣开胃太适合夏天啦！！,,美食制作,2026-06-28 20:38:40,2026-06-28,20,51,房纠纠,1670006,17590,81821,1457,21259,1989,3878
BV1PSTw6AEp9,全网首个端游单三GTI超人！三角洲最难成就！贱徐三角洲,,网络游戏,2026-06-28 08:05:00,2026-06-28,8,633,贱徐,1737919,1346,48014,2224,7201,2939,2728
BV1Rh7V6gEM1,幺儿等我哈 爸爸去打怪兽,,日常,2026-06-26 21:31:55,2026-06-26,21,128,央视新闻,910729,3744,105124,22123,9440,667,949
BV18NTM64Ebd,终于盼来了一场像样的雨，给水窖收集甘甜的雨水,,三农,2026-06-28 17:17:35,2026-06-28,17,240,陇上阿斌,691072,353,25442,1267,1500,379,1728
BV11PKD6PEaq,【原神】这里有一只邪恶兔子请查收,,同人·手书,2026-06-29 14:59:05,2026-06-29,14,99,比彼,210616,179,41153,7706,13428,1429,420
BV1R7Tu6TEoY,相较于最新的《四渡》，更推荐大家看看1983年的《四渡赤水》,,影视杂谈,2026-06-28 23:25:59,2026-06-28,23,2127,东倾电影,578913,1450,14629,2654,4736,1019,771
BV1v57q6gEN9,⚡️来！走！个！面儿！⚡️,,人力VOCALOID,2026-06-26 11:48:16,2026-06-26,11,93,树深时见鹿dear,1016903,1578,28827,4857,3621,3395,5006
BV1Sn7q6NEZ5,"""为什么说是CS史上最伟大的救赎""【Niko十一年生涯混剪纪录片】",,网络游戏,2026-06-26 11:31:16,2026-06-26,11,409,-m1chaeL-,862862,765,102627,26902,23113,3305,2133
BV1V2KS62EDb,【全网首杀】涤墨作战7人870分,,手机游戏,2026-06-29 15:14:22,2026-06-29,15,513,SWEEP分遣队,595541,1247,37865,11694,6941,9014,3669
BV17tTM6rEZ1,【STN快报第8.5季11】躲猫猫我从小玩到大,,预告·资讯,2026-06-28 18:15:00,2026-06-28,18,1516,STN工作室,816918,10524,48182,21764,9091,1416,1719
BV1ksKf6QECZ,【学习指南】新高一&新高二&新高三！暑假如何用一数？,,校园学习,2026-06-30 20:29:12,2026-06-30,20,351,一数,100379,670,8400,1004,4220,692,798
BV133KQ6EEG5,打假辟谣之殇,,日常,2026-06-29 19:08:10,2026-06-29,19,166,食品科学阿祖,291517,609,53576,7493,2533,281,1821
BV1Bn7s62ExZ,乘风2026｜《KNOCK OUT》舞台｜曾沛慈&李心洁&淡淡&阚清子&庄法&安崎,,明星综合,2026-06-27 20:54:22,2026-06-27,20,234,曾沛慈_TsengPets,632544,12750,46006,43295,20719,6385,8836
BV1H57s6QEJs,ASMR 千禧年百货大楼初代柜姐给你化大头贴妆,,日常,2026-06-27 22:17:30,2026-06-27,22,443,乌乌Woozzz,1787197,756,125324,9850,28282,2165,3053
BV1sgTK6LEDV,绘画区你赢了,,绘画,2026-06-28 14:47:39,2026-06-28,14,78,仓日日真白,1719090,1650,186891,8892,38290,8221,2632
BV1YS7Y6fE71,最强的组合技！,,网络游戏,2026-06-25 19:07:58,2026-06-25,19,144,_离咕咕,1387663,305,102989,1023,15008,2644,371
BV1ukTP61EAi,天堂制造的装备就是好，我已经感受到无敌了【我是僵尸】,,单机游戏,2026-06-29 09:00:00,2026-06-29,9,352,磊哥游戏,940340,1514,85327,9697,5799,848,1831
BV1AQKD6AE4j,狸花被困32楼天台，摇摇欲坠！,,喵星人,2026-06-29 21:08:39,2026-06-29,21,182,和猫住,106529,186,16442,1878,1767,37,220
BV1zSKZ62EQz,赛后情书：主帅无能，累死千军！荷兰德国淘汰出局昏招百出遗臭万年。,,足球,2026-06-30 14:05:38,2026-06-30,14,606,HC王楚淇,360723,1994,8768,959,1106,542,1926
BV1hBKR64E7a,我们是冠军！新的世界记录6分52秒速通暮色森林！！,,单机游戏,2026-06-30 12:00:00,2026-06-30,12,472,哆啦A聪_,140538,787,12023,3876,2452,800,629
BV1bqKD6rEdC,【大鸣王潮1566】真拿你没办法,,同人·手书,2026-06-29 22:02:27,2026-06-29,22,213,寞桀緣才,475062,1310,48089,15467,6249,1790,4141
BV1FGTF6DEpb,电竞房打造完毕，每天睡醒玩游戏，玩累了就去钓鱼，生活美滋滋。,,日常,2026-06-30 19:42:40,2026-06-30,19,885,浪仔小牛,122626,806,5828,2646,556,184,506
BV1Xo7t6UEDm,好家伙，桑多涅也太好玩了吧【原神】创作体验服,,手机游戏,2026-06-26 12:00:00,2026-06-26,12,449,卢诺米阿玛斯宾,943743,1706,70542,2029,5421,7978,1939
BV1zdKD6bEHQ,歌剧老师锐评《歌手2026》第六期（下）,,乐评盘点,2026-06-29 21:49:59,2026-06-29,21,4109,铁豆钢蛋,654613,28158,22965,12052,3284,936,8939
BV1P8KQ6KE8e,宗元舞2.0 迟来的50万女装福利,,电子竞技,2026-06-29 18:11:10,2026-06-29,18,32,是柳宗元,1111673,1314,147512,2541,14435,3225,2204
BV16d736LEyY,两个教官【皮影人行动4.0】,,鬼畜剧场,2026-06-26 16:35:16,2026-06-26,16,380,泰山皮影小官方,1177602,640,125213,9180,17491,7082,1476
BV18ajU6YEma,巨型蝌蚪侵犯美国，自由女神惨遭毒手！斯皮尔伯格盛赞的神作！,,影视杂谈,2026-06-26 10:00:00,2026-06-26,10,716,迪普_official,2438786,19889,144456,5922,49524,59395,12173
BV1rKTF69E98,一个视频看懂吕不韦的投资人生,,人文历史,2026-06-30 19:57:48,2026-06-30,19,1942,唠点历史,63078,229,3542,1131,1338,70,197
BV1LAKQ69EJo,走进美军：核动力航母上的吸毒中心,,社科·法律·心理,2026-06-29 19:26:59,2026-06-29,19,643,波士顿圆脸,535424,2437,36158,1969,3581,966,976
BV11cKD6KEvW,带胆小鬼弟弟勇闯鬼屋，最后给弟弟吓尿了？,,日常,2026-06-29 13:36:04,2026-06-29,13,249,蛋仔派大星的一天,1118587,1,55205,3724,58996,4,2
BV125TM6nE4n,东大建模库还是太全面了，God is a 巴郎子~,,社科·法律·心理,2026-06-28 18:00:00,2026-06-28,18,255,大又元,439630,1744,41677,1677,5700,1892,2250
BV17c7W6rEKa,周冬雨发疯！韩红翻车！谢娜被点名：2026内娱4大翻车惨案！#抓特务#韩红#谢娜#周冬雨#冯小刚#阿那亚,,影视杂谈,2026-06-27 16:44:28,2026-06-27,16,565,郭云神奇,824997,4729,17167,1445,3316,1017,1737
BV1gdT562EEp,猫和老鼠｜打击乐手申请出战🥁,,综合,2026-06-29 20:00:00,2026-06-29,20,26,猫和老鼠,150453,149,35488,1524,4296,862,418
BV1sqKZ6REyD,从沙场战神到统帅全局，泰图斯终将直面寰宇中更多残酷的挑战 【达奇】战锤40K故事内容,,GMV,2026-06-30 19:00:00,2026-06-30,19,1307,达奇上校,137236,934,11234,3862,3007,316,657
BV1rg7p61Ewj,本人于2026年6月27日又蒸了一锅妃子笑 望周知 昨天蒸了蒸荔枝今天蒸了真荔枝,,美食制作,2026-06-27 18:43:26,2026-06-27,18,108,Mima-密码,2248460,716,119318,6265,7736,3759,1335
BV1AzTT6LED4,《我妹复习时候的精神状态》,,搞笑,2026-06-28 18:29:08,2026-06-28,18,60,小叮当的一家,1130120,176,86655,738,4749,481,253
BV1DWTT6sEzD,我想说 其实你很好！,,配音,2026-06-28 17:20:00,2026-06-28,17,24,Jooey吖,2145834,503,334146,16628,55927,12339,10942
BV1Zmj96oETZ,落魄王爷：生病老仆被茶馆伙计赶出来，他用一把破茶匙煮出鸡汤馄饨【AI全民制作人】,,美食侦探,2026-06-24 12:24:40,2026-06-24,12,121,墨八分钱,715942,77,50665,538,5342,185,489
BV1AwTu6EEpB,在巴西能拍到什么？,,出行,2026-06-28 17:02:01,2026-06-28,17,1262,影视飓风,1667300,6534,80573,22694,16858,2112,1888
BV15GKd6PEUW,借钱要记得还给咕嘎,,搞笑,2026-06-30 11:36:18,2026-06-30,11,52,咕咕嘎画,254442,42,25442,1606,4664,748,276
BV1t8KZ68Enh,爹，你没死啊？天使叛乱始末全梳理，法大王多少带点众叛亲离了…【天之美赐圣遗物解读】,,手机游戏,2026-06-30 17:00:00,2026-06-30,17,1595,骚橙丶,124197,1415,13593,3861,3121,465,2193
BV1wJ7L64E3L,《鸣潮》玄方主题曲 MV | 定玄,,MV,2026-06-27 12:00:00,2026-06-27,12,265,鸣潮,2287836,2846,156099,175730,80463,17624,14126
BV13TKS6VE4Y,“危机合约无权为我授勋”,,手机游戏,2026-06-29 15:58:51,2026-06-29,15,129,希奈儿White,266227,465,22694,734,2796,2380,1230
BV1KTTK6EEh6,什么？宇宙坏了？这小事别烦我…,,小剧场,2026-06-28 13:41:46,2026-06-28,13,54,田哈哈呀,2120426,225,111769,505,5706,464,1816
BV1hyKo6cEiY,德国队令我心碎，被巴拉圭点球淘汰，真的要疯了,,日常,2026-06-30 08:21:26,2026-06-30,8,105,汉青书半霍去病,349440,1851,13755,942,1264,1854,3068
BV1G4TF6gEbv,【真解说球】荷兰、德国点球出局，毫无体面！布努点球封神应该感谢C罗！巴西稳了？我看未必！,,足球,2026-06-30 18:45:06,2026-06-30,18,515,真实球迷汇,191006,1449,7783,1967,844,393,1337
BV1XFKo6cEm7,对 抗 路 迎 来 大 变17.0,,手机游戏,2026-06-30 11:50:00,2026-06-30,11,246,一只白色QvQ,230560,171,15032,568,829,217,259
BV1K7KS6iEug,200万粉丝网红诋毁袁隆平：一群比文盲更危险的人，出现了,,日常,2026-06-29 16:38:29,2026-06-29,16,411,半耳聆,324226,3053,18974,1413,2284,715,2829
BV1q37E6bEEh,循环歌单|“攻守之势易也”【攻守转换の小曲】【Overturn】,,音乐综合,2026-06-27 16:00:00,2026-06-27,16,3709,无忧_Carefree,2188870,815,58550,637,24761,173,308
BV1bv7n6DEhQ,难怪说这游戏沉浸感拉满啊！,,手机游戏,2026-06-28 11:30:00,2026-06-28,11,285,好运的鱼,279892,415,14699,1665,1908,735,270
BV1Hg7a6BEyU,不要忘记珍珠港 美国人好像听进去了？,,社科·法律·心理,2026-06-29 10:00:00,2026-06-29,10,464,高志凯频道,329292,2677,25132,6891,2426,476,1760
BV1nxTg6DE4r,一颗人头200万 毒贩竟“悬赏”警察 当事人：没想到自己这么值钱 如果牺牲了，希望儿子能理解,,热点,2026-06-28 20:59:48,2026-06-28,20,26,红星视频,1255089,570,87571,589,1877,149,593
BV1AdTK6yEW2,跑高速挡风玻璃越干净，人类越危险？,,科学科普,2026-06-28 11:23:28,2026-06-28,11,210,李论科学,1014399,924,38510,622,2443,375,2364
BV1EeTg6LE1U,被恶魔所爱的恶魔猎人,,动漫杂谈,2026-06-28 19:14:20,2026-06-28,19,1185,nagito阿斗,116394,238,18649,3290,12769,819,406
BV1WSKD6YEgC,【水果猎人】回应哀牢山打假质疑，真的假不了，假的真不了,,日常,2026-06-29 20:21:26,2026-06-29,20,181,水果猎人杨晓洋,268502,139,21525,2776,1117,185,932
BV1srKU6cEPk,毕业前，我好像发现一个人也不会孤单的魔法了耶！,,日常,2026-06-29 17:16:57,2026-06-29,17,671,塑料叉FOKU,415602,912,22988,2203,5643,394,515
BV1Up756vEDp,当我回母校教书,,搞笑,2026-06-26 18:50:42,2026-06-26,18,501,阿廖沙别害怕_,3585496,1740,221931,4156,23595,1371,1495
BV1M3TM6WEP6,“这得有不少人，主母”，当南宫婉到落云宗后开始查账【凡人官方二创大会】,,日常,2026-06-28 17:02:47,2026-06-28,17,122,你是我的脸0,314906,324,15628,1088,1881,948,301
BV18s7E6SEZd,【张艺兴 X 斗战胜佛】《CALL MY NAME》MV,,音乐现场,2026-06-28 00:00:00,2026-06-28,0,191,张艺兴工作室,778026,11447,33156,31029,18177,10141,6638
BV1MmjR6mE6F,堵桥来！手搓三角洲行动乌鲁鲁的巡飞弹发射筒！！！,,职业职场,2026-06-25 17:00:00,2026-06-25,17,732,老师好我叫白鼠同学,2853267,1975,89891,18692,57633,4172,1798
BV1C2KD6vELj,兄弟就这么散了,,搞笑,2026-06-29 20:12:57,2026-06-29,20,26,小小潮爱生活,861912,778,83638,7340,7513,551,1240
BV18S7J6pEEf,假如《洛神赋》是在考场写出的高考作文，能打多少分？,,人文历史,2026-06-27 19:00:00,2026-06-27,19,176,-古人云-,5504797,450,101250,3283,73350,365,927
BV14iKU6eEiS,一味退让不会得到沉默，一味包容不会得到尊重,,搞笑,2026-06-29 17:09:23,2026-06-29,17,124,朱一旦的枯燥生活,1970458,215,17207,724,8482,146,346
BV1ev7P62Emo,大黄蜂入侵蜂巢，竟被上万只蜜蜂活活热死！,,动物二创,2026-06-26 17:30:00,2026-06-26,17,430,即刻自然说,1966572,1698,66861,1861,10093,801,1354
BV1gtTF6zE8z,漂泊者！来一杯吧！,,手机游戏,2026-06-30 18:45:24,2026-06-30,18,230,棉花大哥哥,129018,182,8603,997,741,126,1397
BV12jTg6oERw,星核行为机理 | 如何毁灭同谐,,手机游戏,2026-06-28 21:10:01,2026-06-28,21,229,Pila兔,172031,118,29472,4196,9026,1591,719
BV1qgKZ6VEX5,开箱特朗普金色手机，499美元居然就这水平？沈逸老师绷不住了【逸语道破】,,人文历史,2026-06-30 16:16:48,2026-06-30,16,866,沈逸老师,146472,912,10588,729,1383,497,906
BV1ExTK6NEQR,手机代码竟有测评博主名字！央视曝手机测评“作弊”乱象,,日常,2026-06-28 12:49:12,2026-06-28,12,162,央视新闻,879382,2878,49906,7659,8117,12335,10908
BV1kQKD6wEUy,也不是所有人都想重生【超长电影版】,,同人·手书,2026-06-30 17:30:00,2026-06-30,17,3543,圆桌动漫,95941,1892,7173,1798,3097,129,621
BV14CKD6qEKw,什么样的英语名，能被人笑话几十年...,,综合,2026-06-29 20:39:38,2026-06-29,20,183,迷幻枸杞,165374,324,17705,1851,4553,2117,512
BV17ZKU6JENy,我 全 都 要,,日常,2026-06-29 17:32:16,2026-06-29,17,55,六二二同学w,679941,239,58314,7442,25228,2432,2096
BV1ueTF6vEAQ,下半年出乎意料的事,,日常,2026-06-30 18:33:28,2026-06-30,18,1049,六度无极,93789,1235,9025,8292,3048,242,654
BV1MnKQ6GEYi,总统震怒！国民破防！韩国人怒喷光速淘汰的韩国队背后的腐败和人情世故！,,娱乐杂谈,2026-06-29 20:02:15,2026-06-29,20,352,辉锅_,458578,965,13679,1071,2507,545,1524
BV1XV756rEGG,本人于2026年6月26日蒸了一锅妃子笑馒头 望周知,,美食制作,2026-06-26 18:26:53,2026-06-26,18,21,Mima-密码,4985373,4050,306737,10897,20914,9826,3619
BV1B37E6bE7x,山东的沙雕新闻竞争的真激烈啊！,,日常,2026-06-27 18:09:47,2026-06-27,18,705,狗友唠嗑,635818,3490,26125,885,4566,2985,2068
BV1bG7J6mEbB,一条视频看6月：西方还剩多少牌？美伊和谈赔钱，马斯克上市造富，G7越谈越糟心,,人文历史,2026-06-27 09:00:00,2026-06-27,9,1661,小王Albert,1556632,11291,107056,55512,20001,3508,4831
BV1NbK96yEwV,一个测试暴露你人前有多会伪装情绪？到底骗了多少人？,,同人·手书,2026-06-30 18:00:00,2026-06-30,18,700,不愧是姐姐大人,80305,996,7350,2113,1552,477,811
BV1s7TM6EE4b,世界上最著名糖果“这是我爱人逝去的重量”,,绘画,2026-06-28 17:51:47,2026-06-28,17,81,美院安迪看艺术,1180857,872,69544,730,9099,658,2127
BV17SKZ62Ey4,【新歌】许嵩《忽略不计》专辑点睛之笔！我理解你,,MV,2026-06-30 14:06:16,2026-06-30,14,274,音乐私藏馆,124882,699,7955,3381,1487,572,876
BV148Kd6QE2Y,Minecraft：Look out 3d第五次模组试玩-verity,,手机游戏,2026-06-30 11:49:34,2026-06-30,11,806,TNT丶MC玩家,109403,1085,6776,609,3621,451,274
BV1AQ7V6oEpN,被排挤后在自己家独自吸烟的小睦,,综合,2026-06-26 20:28:02,2026-06-26,20,308,文静若叶睦,323144,1257,29436,7263,8601,6576,2154
BV1SMTM6sEG3,清洁工咕嘎-第2集,,日常,2026-06-28 16:53:46,2026-06-28,16,258,清洁工咕嘎,385047,495,44769,4259,4954,698,695
BV1HWTM65EKB,上班偷了员工餐一只鸡做烧鸟吃，晚餐开个小灶,,美食记录,2026-06-28 17:34:57,2026-06-28,17,1130,张森的下班料理,1228951,6104,84991,4990,8281,3162,2105
BV1T47q6wEsx,回 到 小 学 ！,,日常,2026-06-26 12:28:31,2026-06-26,12,2621,某幻君,3038004,53529,104141,34617,24794,2445,1567
BV1o6KS6SEEq,他绝对是成龙历险记最有脑子的反派！！！,,动漫杂谈,2026-06-30 11:00:00,2026-06-30,11,939,勇者时昭,239090,276,15803,544,2491,52,195
BV1GJjd6REuh,许哥亲口承认老奎削弱有他一份！圣枪哥回忆S11被吓一哆嗦！【视频播客 | 元来如此 EP.04】,,电子竞技,2026-06-24 17:30:00,2026-06-24,17,3407,管泽元,874356,3970,30384,10222,7451,3179,2453
BV1BSTT6qE7s,8K中国战机大片上新！压迫感又多了亿点点……,,科工机械,2026-06-29 08:00:00,2026-06-29,8,159,央视军事,422460,1799,42385,15980,8886,3033,2067
BV1qUTT6MEBu,中国科学大发现，但我有点小异见……【野朋友短讯22】,,科学科普,2026-06-28 19:08:29,2026-06-28,19,1577,流浪自然,462562,827,16244,3589,4999,414,845
BV18BKX6UEr2,打不过就投降喵🏳️🏳️🏳️,,单机游戏,2026-06-30 17:05:00,2026-06-30,17,232,永雏塔菲,99143,129,10053,1268,1150,920,515
BV192KS61Enh,提前在鱼塘里放好的河蚌，重新挖起来再拍一次。买了小河鱼在小水渠里抓，这些都是我的童年回忆。用最简单的方法炒河蚌和炒河鱼，没想到煮出来很美味。,,田园美食,2026-06-29 15:21:34,2026-06-29,15,254,少斌同学,299121,564,35483,2084,1910,333,644
BV1bUKo6tEbF,遇到主播了，这把稳了！,,手机游戏,2026-06-30 15:50:08,2026-06-30,15,374,撸sir兰陵君,191560,488,12073,1202,950,173,649
BV1jAKQ69EVr,【火兰短报】电竞国家杯40:1非洲大乱斗，CN瓦妈妈粉重出江湖，恋与深空百万炎上。,,电子竞技,2026-06-29 19:25:55,2026-06-29,19,844,火兰朋克,454288,2917,15272,2241,2327,842,2305
BV14K7B6eEXa,【本家投稿】4nim0sity|99.999999999%| / yuki flower,,VOCALOID·UTAU,2026-06-26 19:00:00,2026-06-26,19,217,ichi_oneone,560819,5604,153589,39797,67357,5131,3606
BV1q7j26NEu6,变了味的家委会,,搞笑,2026-06-24 12:00:00,2026-06-24,12,354,粤知一二,4363568,1121,188786,3061,14336,1469,1944
BV1Xm7H6hE7M,刻板印象之广东人的一天,,日常,2026-06-27 20:01:54,2026-06-27,20,79,在下伊隐,1619018,2463,106139,775,7383,6393,6573
BV1YV7v6AEvs,明天睁眼按时来取代我,,搞笑,2026-06-26 12:00:00,2026-06-26,12,44,马一一ya,2699488,2994,215589,1491,11225,3124,8442
BV1T5KS6BEXH,极致纯恶，最变态的一案！开局杀了19个人，看到最后毛骨悚然！万字细嗦《猎罪图鉴2》：网吧纵火案,,影视杂谈,2026-06-29 17:30:00,2026-06-29,17,2258,不善言辞的秃秃,297489,962,13677,4332,5333,367,300
BV1E3TF6nEtT,多兰：恕瑞玛网络链接失败...,,电子竞技,2026-06-30 19:43:28,2026-06-30,19,78,聒噪的山海君,139654,100,9887,950,729,1255,887
BV1pYKQ6PEFY,（新地图）核电站AZ3详细盘点，来看看是否是一张优秀的地图？,,网络游戏,2026-06-29 18:30:01,2026-06-29,18,722,颜心做的cat,165017,2214,12624,2480,6963,69,407
BV183jP6uELZ,我将用行云流水的招式以及得心应手的超级道具告诉你在远古遗迹里还可以这样肆意游龙！！,,手机游戏,2026-06-24 12:00:00,2026-06-24,12,168,CS2藕丝power,250517,36,16979,2033,21831,2025,405
BV1mpTA6zEVZ,全网首发！万人见证！18关空气墙迷宫突破成功！「三角洲S10赛季」,,网络游戏,2026-06-28 04:15:33,2026-06-28,4,664,Key725,1794993,1695,85639,6734,16264,7363,5266
BV1gvTw6kEmf,骑行内蒙翻越阴山来到武川县，荒废公园露营，一个人居然有点害怕,,日常,2026-06-30 21:59:29,2026-06-30,21,1349,徐云流浪中国,75374,1888,7284,5046,1002,141,494
BV1FPTT6uEfJ,哪些干员能击败涤墨作战的强化版旺财？【明日方舟】,,手机游戏,2026-06-28 12:11:17,2026-06-28,12,477,-碱式碳酸咸鱼-,609509,982,35382,3318,2901,392,910
BV1WkKU68EFt,全员英雄！第一批缉毒警，已全体光荣退休,,日常,2026-06-29 16:50:05,2026-06-29,16,1155,新华社,185506,1931,48127,10709,4177,615,666
BV1jW7e6iEU5,你打不到我你信吗,,手机游戏,2026-06-26 18:00:00,2026-06-26,18,227,佐悠-Leisurely,2090863,684,100093,6194,7985,2086,1681
BV1RkKS6EE48,听见老板的优点请睁眼,,搞笑,2026-06-29 15:27:32,2026-06-29,15,20,小小潮爱生活,1122495,622,95014,7781,7648,594,1343
BV15zTM6PEiY,带胆小鬼弟弟勇闯鬼屋，最后竟然吓尿了？,,日常,2026-06-28 16:41:30,2026-06-28,16,241,蛋仔小海绵吖,876432,2,34687,2467,36792,1,3
BV18WKd6dEwb,9寸小平板也用上水冷了？红魔游戏平板5Pro首发体验,,数码,2026-06-30 15:50:00,2026-06-30,15,526,搞机所,276227,663,10978,2900,3708,393,523
BV1ht7E6mEgM,长生者教过这么厉害的人？！,,搞笑,2026-06-29 17:40:00,2026-06-29,17,109,小金ultra,347114,24,28007,880,1666,62,85
BV1neKQ6YE1h,你见过最细节的小镇是什么样的？,,单机游戏,2026-06-29 18:02:28,2026-06-29,18,66,ZA_7,259980,94,36063,1466,4223,308,460
BV1rZ7V6QE7G,"Lo娘白嫖2万裙子,我们追了半个中国！",,日常,2026-06-27 19:00:00,2026-06-27,19,675,川烈,1424546,5661,53283,9012,15322,3987,3872
BV12r7p6sEbG,艾莎唱出了多少牛马的心声🥹,,翻唱,2026-06-27 17:30:00,2026-06-27,17,30,夏旬Natsuki,5643831,1291,387210,13746,66853,22271,6001
BV1WcKZ6JEjJ,开荒最强轮椅！阿萨泄勒为何如此强大？两分钟速评教学。,,单机游戏,2026-06-30 16:21:08,2026-06-30,16,120,我是谁压实度,101803,95,4153,529,794,1241,967
BV1XoKd6AERw,啊啊啊啊啊啊！！！,,鬼畜调教,2026-06-30 10:33:46,2026-06-30,10,281,你眼中的骷髅,85883,189,12191,1145,1483,141,353
BV13sTF6rECq,口碑两极反转！从年度佳片到饱受非议，《集结号》冤不冤？（中）,,影视剪辑,2026-06-30 17:58:17,2026-06-30,17,3144,大哥啊大哥丶,72381,4770,5981,6257,2100,399,1225
BV1jYTM6MEvf,我们的名字，叫中国共产党,,日常,2026-06-28 16:00:00,2026-06-28,16,207,央视新闻,163396,2129,43708,7348,5548,1980,977
BV1Nr7a6jEE5,探秘上万块的顶级八音盒！到底能有多好听?【图一乐】,,财经商业,2026-06-28 11:00:00,2026-06-28,11,890,-LKs-,1040703,4460,75621,20077,14207,2684,2063
BV1ZUKd6BE98,【泠鸢原创】大漠旅人【新世代音乐人】,,原创音乐,2026-06-30 17:00:00,2026-06-30,17,217,泠鸢yousa,63357,140,10250,5107,3323,342,518
BV1897H6tEut,欧洲不能没有美的，就像西方不能没有耶路撒冷,,社科·法律·心理,2026-06-27 18:36:25,2026-06-27,18,746,波士顿圆脸,1868360,12546,83297,6215,8346,6083,16436
BV1w2jx6REQi,可以细成这样？1600万预算，颠覆我认知的改造！,,影视杂谈,2026-06-28 17:25:00,2026-06-28,17,425,丸子叨叨叨,1234701,1184,61416,4403,5527,383,688
BV1UBKX6UEaY,你已到达哔哩哔哩最深处,,综合,2026-06-30 19:00:00,2026-06-30,19,195,卦者那啥子靈風,51883,211,8829,3190,3377,756,685
BV1PpKS6AEC4,𝗩𝟴 'singasong' Official MV,,明星综合,2026-06-29 17:00:00,2026-06-29,17,226,SEVENTEEN,324709,6543,46371,30486,14123,15527,3017
BV1NWKS6aEp3,七实的片场VLOG-4【Pro Max 特别版】,,手机游戏,2026-06-29 16:21:09,2026-06-29,16,355,AliceGx,132810,212,13692,3177,3576,602,333
BV1MsK967EnF,疯了！！詹姆斯加盟勇士组4巨头？！超详细分析老詹的下家选择！,,篮球,2026-06-29 23:15:00,2026-06-29,23,844,业余球探刀先生,556167,2185,11969,1356,1501,1362,3802
BV182jR67E93,【朱元璋大电影】开局一个碗！（完整版）,,鬼畜剧场,2026-06-25 12:00:00,2026-06-25,12,2099,推背兔の,2767208,5718,154484,51927,69769,11831,4341
BV196jo6FEjn,一首听不懂的德语神人音乐 GUT GENUG,,音乐综合,2026-06-24 22:45:27,2026-06-24,22,189,Mkuag,337747,639,13221,1092,7905,3730,1451
BV1MiTF6PEac,贴脸也马枪？新子弹裸配171 ！能打一个加个配件爽吃撤离吗,,网络游戏,2026-06-30 18:38:47,2026-06-30,18,847,迷弟,111801,464,7959,855,751,80,959
BV1tRKf6wEZe,《细 佬 补 完 计 划》,,数码,2026-06-30 19:28:03,2026-06-30,19,393,妮可厅长,122166,444,11657,4090,4634,1542,89
BV1Wx7H62Emd,爱探险的黑嘎01集-航天冒险,,单机游戏,2026-06-27 19:36:05,2026-06-27,19,120,非洲老黑三角洲行动,1096027,387,35492,1167,21730,2059,397
BV125Kf6bEw1,爷青回！再次挑战野荷与终端机！狂出8红1金效果爆中爆！,,电子竞技,2026-06-30 12:56:14,2026-06-30,12,1099,幺先生,124236,603,9786,9309,2045,167,353
BV1WL7B6tELM,谁能接手英国乱局,,人文历史,2026-06-26 11:50:00,2026-06-26,11,1194,燕三嘤嘤嘤,2412256,9579,121317,26232,15875,1723,6318
BV1X57q6uESc,【MrBeast官方】30天不吃饭挑战，坚持不住我就剃光头！,,日常,2026-06-27 11:05:00,2026-06-27,11,784,野兽先生MrBeast,2001935,1353,54262,4405,14345,1296,2061
BV1JQKU6WEsK,【原神】木偶桑多涅 超详细养成攻略教学,,手机游戏,2026-06-30 20:00:00,2026-06-30,20,1136,贪欲九头蛇_,83479,646,6249,1658,1115,382,1060
BV1oZ7a6eEdG,感谢大家这么支持《炎拳天使》，我觉得能一直尝试新项目是非常热血的！我也非常的热爱创作！感谢大家给我了这么多机会，我会用更多好看好玩的漫画，动画，游戏来回馈大家！,,出行,2026-06-25 21:20:58,2026-06-25,21,212,挪威老王,2692402,1542,269474,24961,18864,1526,4910
BV1A87W6QEty,老实人豁出去了,,仿妆cos,2026-06-27 22:57:32,2026-06-27,22,38,韦大夫斯基,1034690,97,130595,4226,29053,2144,1616
BV1fB7Y6TEzK,厨师长下班，偷吃店里食材，开个小灶吃个晚餐，夏季点单爆款南蛮炸鸡饭,,美食记录,2026-06-26 17:10:00,2026-06-26,17,888,张森的下班料理,1688757,5493,135425,5395,17765,2284,1533
BV1La7B62Ec2,老师：你要不再看看你写的是什么东西？！？,,搞笑,2026-06-27 20:00:00,2026-06-27,20,379,柠檬派奇幻漂流,550322,4049,29715,1251,4983,487,748
BV187KQ65EeV,「科技美学」全新“小米 MIX infinity”澎湃OS旗舰手机来了? 红魔刷机变身！,,数码,2026-06-29 20:20:00,2026-06-29,20,418,科技美学,677526,818,14670,2088,2640,2277,1993
BV1tdKf6hE5c,i维TV&【趣味轻舟】#45,,同人·手书,2026-06-30 19:01:14,2026-06-30,19,72,潇潇清明,84705,44,9762,1135,1358,147,154
BV17QTT6TEqt,黄忠2技能击退上线，是时候算算旧账了,,电子竞技,2026-06-28 19:06:36,2026-06-28,19,196,流夜一动不动,772310,414,30995,624,1278,875,1054
BV1f1Kd66EQE,⚡️让掩月宗再次伟大⚡️【凡人官方二创大会】,,音乐综合,2026-06-30 11:00:00,2026-06-30,11,215,从吾君,95452,653,7771,3701,1200,605,586
BV1dy7H6YE5d,蛋仔派对：蛋仔岛涂鸦躲猫猫！即使在熟悉的蛋仔岛，也照样找不到！,,手机游戏,2026-06-28 08:30:00,2026-06-28,8,169,游小浪Game,2153940,272,34571,1595,44307,128,181
BV1upKd64Er7,欧洲高温，极左翼反对到处装空调，用空调成极右翼？法国大量医院没装空调，超额死亡大幅增加,,财经商业,2026-06-30 11:50:41,2026-06-30,11,470,星话大白,139447,579,8500,1520,1092,206,1590
BV1nRKD6FEmX,MC九选一随机空岛生存,,单机游戏,2026-06-29 21:30:00,2026-06-29,21,874,灰机咕咕,303649,320,12727,971,1904,170,201
BV1Gq7V6TENA,日本居酒屋自助挑战！3h连吃带喝，到底能赚到吗？？,,美食侦探,2026-06-27 12:00:00,2026-06-27,12,1136,平平出击,1805973,3573,67623,47383,10082,1637,1364
BV1miKU6eEoL,小伙在车里简简单单吃个泡面，配上小龙虾还有鸭腿竹笋和卤蛋,,美食制作,2026-06-29 17:06:49,2026-06-29,17,316,咸鱼梦想家vlog,489713,805,18259,1588,3975,331,538
BV1pQ7p6mErP,【纸模】⚡m7连接大脑，棱镜攻势代替思考⚡,,日常,2026-06-27 16:44:25,2026-06-27,16,85,阿杰不是贫民,100716,97,12074,4638,3070,76,130
BV1Jr756pErw,【补档】童年阴影“曼巴先生”孩子们，我回来了,,鬼畜剧场,2026-06-26 18:01:40,2026-06-26,18,396,神马的忧伤,741048,1155,60837,3395,19620,13805,2660
BV1B27q67EBv,裁判出了一个红牌，直接被现场分解，散布球场3天，警察才全部收完,,足球,2026-06-26 11:13:17,2026-06-26,11,724,挖沟连彭沟长,2491771,4388,128954,3771,22016,3056,2486
BV1397G6iEDR,【真实事件改编】收费员巧设连环计 司机误上断头台,,搞笑,2026-06-26 17:30:00,2026-06-26,17,145,我叫达芬桐,2388368,262,72364,664,13430,322,451
BV1S37Y6REDf,真的有人能面无表情的看完这期视频吗?,,单机游戏,2026-06-25 19:25:22,2026-06-25,19,90,张鑫迪,2113561,1942,155876,6879,28555,53449,8685
BV1ce7H63E4A,爻光变成猫猫糕去充电了！,,同人·手书,2026-06-27 19:16:24,2026-06-27,19,23,armin阿明明,1256706,69,133579,5789,49213,3646,1011
BV1Pe7x6oEiy,为什么62年印度被打掉一个师，国家就崩了_,,影视杂谈,2026-06-27 16:00:00,2026-06-27,16,1182,我捞捞捞,864961,1055,32931,1357,6542,289,2172
BV1aH7E6QEPW,喜人扎堆，全是爆梗，极为稀缺的国产恶搞喜剧——大反派,,影视杂谈,2026-06-27 11:20:47,2026-06-27,11,2209,灯影刘肉丝,3443108,3727,25396,2316,17359,641,604
BV13MKS6kE6V,对不起，五年前我不该网暴至冬,,手机游戏,2026-06-29 18:00:00,2026-06-29,18,166,不是的的是のの,522966,635,36417,2342,4111,522,1076
BV1sb7G6XEj1,吉米·卡特的败局,,人文历史,2026-06-27 11:00:00,2026-06-27,11,2219,小约翰可汗,1068963,2435,43838,16749,13072,1032,3043
BV1gJKd6bEfD,荒岛钓鱼第七天：更换营地寻找大物窝点，顺带爆个护！,,运动综合,2026-06-30 17:00:00,2026-06-30,17,574,我是野农,134090,812,12439,7304,635,55,301
BV17YTM6MEPS,恐怖世界 第三集 埃温霍姆村【AI全民制作人】,,国产原创相关,2026-06-28 15:41:45,2026-06-28,15,146,-严厉的月亮-,826637,440,96449,8314,35941,1026,815
BV1Q2KS61EZy,逆天影评！论《后室》大电影上映后炸出了多少神人？,,影视杂谈,2026-06-29 15:15:35,2026-06-29,15,151,幻老撕GAME,199423,343,12678,651,4069,298,1478
BV1cjTL6AEVB,【反向旅行】从最穷县城？！再到余华故乡？这里什么样？,,人文历史,2026-06-29 17:00:00,2026-06-29,17,805,一只萧包子,131039,680,10716,1231,1885,1388,175
BV1PtKQ6iEtx,老外：当中国玩家拿上了美军的重武器，问题就变得严重了,,网络游戏,2026-06-29 18:21:35,2026-06-29,18,361,贤良淑德列克星敦太太,249960,379,21842,1520,2571,107,287
BV1NkTF6cEHT,有电就有网？1000㎡别墅实测，华为路由Q7电线版靠谱吗？,,数码,2026-06-30 17:32:19,2026-06-30,17,511,科技宅小明,197841,388,16022,2541,1645,360,143
BV1Cm7p6nEUe,电脑黑洞屏保,,日常,2026-06-27 15:55:40,2026-06-27,15,89,百草净华NXD,243641,116,8770,1759,6148,908,719
BV1znjX64Eas,《虐狗是你的谎言》,,搞笑,2026-06-24 12:00:00,2026-06-24,12,97,伤心欲茄222,6413926,1587,541227,13239,37006,10525,5456
BV1HQKD6wEwV,真正的传承，不是留下答案，而是留下道路,,野生动物,2026-06-29 21:07:23,2026-06-29,21,281,秦淮以南_,149842,69,16665,1099,4102,262,229
BV19VTT6wEfu,清水河已经无法灌溉，浇过就和开水烫一样，补种也没有办法,,科学科普,2026-06-28 10:29:26,2026-06-28,10,716,渔猎齐哥,548032,170,57993,18637,2554,1155,1532
BV1PiKd6mEyj,我要跟我最好的朋友去海边玩！！！！,,日常,2026-06-30 11:01:41,2026-06-30,11,2483,王师傅の日记,174133,4848,12258,10669,1682,146,1022
BV1FR7p62E84,爹系男友喜欢吗🌹,,仿妆cos,2026-06-27 16:54:06,2026-06-27,16,41,鹿島青_时不时接稿,902811,132,101177,5223,21080,3224,377
BV1rSj26VEWT,热烈欢迎陈龙！来看不可思议的拾荒者·偶像剧鼻祖·好老婆拥有者·76年份帅哥带来的“心酸”好物,,短片,2026-06-25 12:00:00,2026-06-25,12,2196,papi酱,1926665,13490,162275,63043,15303,12519,5377
BV15mKQ69ECi,成都民警处警时遭刀捅腹部，燃尽生命打掉歹徒尖刀后殉职，民警张义文被追授“成都市优秀共产党员”,,社会,2026-06-29 18:26:36,2026-06-29,18,45,四川观察,470415,1946,84000,3378,2994,877,1332
BV1ZC7G6VEWG,72 岁卖房搞民科，扬言枪毙质疑者，怒怼中科院，被全网当成电子蛐蛐,,人文历史,2026-06-26 18:10:00,2026-06-26,18,719,捕月说,2730579,3973,45709,2672,22775,3753,2949
BV1ia7L6EE6H,陀螺仪巡飞弹现在一卡一卡的，玲琅天上你们玩三角洲吗？,,电子竞技,2026-06-27 00:47:38,2026-06-27,0,106,汤勺-绝活巡飞弹,1771899,279,66997,1630,3335,742,2119
BV1dF7Y6AEto,我最爱的视频！三代治沙人的努力，世界上即将消失的第一个沙漠！,,亲子,2026-06-25 21:17:50,2026-06-25,21,354,爱画画的子衿,2396552,5905,365701,135527,24135,2934,6936
BV18STg6NEVT,立陶宛：允许中国来求我和我恢复关系 ft.Vykanas,,社科·法律·心理,2026-06-28 19:58:12,2026-06-28,19,3159,波士顿圆脸,852069,4345,41632,3968,5169,622,3924
BV1jb7B6SEay,“胜利的那天是什么模样”——『反乌托邦&拼接遗憾』,,人力VOCALOID,2026-06-26 10:00:00,2026-06-26,10,113,深夜摆烂者,462114,9172,139315,36476,49607,3972,2606
BV1LETF61EjX,都让我用男管过剧情，好了这下坏了,,手机游戏,2026-06-30 18:16:14,2026-06-30,18,1483,w咸瑜,75302,762,6394,653,880,126,363
BV1i3j96pEXw,循环歌单|【如果可以】|“【一计害三贤の小曲】”,,乐评盘点,2026-06-25 08:00:00,2026-06-25,8,3147,蛋某人音乐,2044785,410,59869,572,14204,1383,895
BV1KqTF6YELW,动漫高手名场面！笑出猪叫的二次元谁是卧底！超绝谐音梗竟是大儒辩经？【饭堂时刻206】,,动漫杂谈,2026-06-30 18:35:00,2026-06-30,18,3389,尕丶天堂,88584,968,7560,2321,2218,163,317
BV1QR7W6eE6H,打游戏遇见了两种完全不同的人 #三角洲行动 #三角洲行动欢乐剧场 #滑铲狙代言人成成大王 #暑期第一把三角洲,,网络游戏,2026-06-27 21:50:21,2026-06-27,21,432,成成大王_三角洲,1042006,466,44385,1016,7891,100,750
BV1TwTL6kEjk,这是全国最低调的黑珍珠，看门头谁能想到？—飞龙唐小馆,,美食侦探,2026-06-29 11:30:00,2026-06-29,11,177,特厨隋坡,821825,1255,63035,2760,3271,853,1517
BV1Z6KQ6tEsY,【天国拯救2完全版】拓海的新手入坑指南,,单机游戏,2026-06-30 18:00:00,2026-06-30,18,2487,拓海Sama,39855,388,7898,3067,2932,833,337
BV1Jr756pEdw,涂鸦躲猫猫：想要躲得好，抽象少不了！,,手机游戏,2026-06-26 18:00:52,2026-06-26,18,152,辉哥游戏解说,4413759,449,67504,2062,34438,231,562
BV1qr7Y6NEfx,一家Dumb Rock!「ホーミー・タイッ！！（Homie’s Tie!!）」【Official Music Video】,,MV,2026-06-28 20:00:00,2026-06-28,20,115,millsage_家団_ofc,442782,495,43271,9137,16398,9841,3035
BV1MXTM6sEwS,【终末地金曲】沦陷DJ版,,鬼畜调教,2026-06-28 19:00:00,2026-06-28,19,108,-不灵-,188908,424,25582,4235,6151,2568,1005
BV1U37b6uEJs,好天气配豪猫！,,喵星人,2026-06-25 13:47:03,2026-06-25,13,38,麻怪与麻瓜,1418266,253,154798,1869,17270,5941,2502
BV1bH756KEq3,咕嘎万能小摊1：沉浸式制作惠灵顿牛排,,绘画,2026-06-28 20:30:00,2026-06-28,20,72,一只鹅企,953041,325,70933,1955,7352,890,1166
BV1wD736SERi,保时捷车主都是什么职业？,,汽车生活,2026-06-26 18:40:00,2026-06-26,18,437,车干轩本轩,1005933,665,91067,3794,20396,1833,1622
BV1vmKQ69Ev8,用德国人自己的梗花式整德国人哈哈哈哈,,翻唱,2026-06-29 18:27:37,2026-06-29,18,267,你哇哥233,401088,273,28069,692,3587,368,422
BV1pXKX6uEDW,【僵毁TV第二季/番外篇】服务器宣传belike....以及一些小采访【AI全民制作人】,,预告·资讯,2026-06-29 23:42:07,2026-06-29,23,616,S4nya_,175023,956,19405,9420,4522,1047,875
BV1FiKQ6wECe,最后一集！放假啦！《乘风2026》成团夜解说,,综艺,2026-06-29 19:52:21,2026-06-29,19,2024,郭本尼,414249,17878,20215,10241,3393,598,3531
BV1NH7H6JE7K,《围棋霸总》,,影视剪辑,2026-06-27 11:50:29,2026-06-27,11,40,柯洁,3291371,10858,278416,7302,14037,16449,10000
BV1MXKf6eESW,[TWS:CLUB] 各位~准备好一起享受团建了吗😎 | 42公司 | EP.58,,音乐综合,2026-06-30 20:00:00,2026-06-30,20,2081,TWS_PLEDIS,74290,14030,6361,2334,1663,378,779
BV1pCKU6fEWo,新官上任三把火,,小剧场,2026-06-29 17:07:42,2026-06-29,17,249,脱缰凯Kk,489387,855,41710,1948,4432,460,1886
BV1j5KZ66EwA,“如果优雅是一种天赋”,,同人·手书,2026-06-30 17:05:00,2026-06-30,17,36,林烟不是大佬,97495,291,32617,3470,9635,1140,325
BV1Uo7H6sEN7,好评如潮的游戏突然白给！好多游戏上个月刚史低这个月又降到新低什么情况？！【Steam夏促史低游戏推荐】,,单机游戏,2026-06-27 18:25:21,2026-06-27,18,631,初夏ChuXXia,1001490,802,61594,50419,11709,2172,2175
BV12f7J6LEwW,一秒变异！G18夺舍刘涛+M7+AWM，607万撤离！,,网络游戏,2026-06-27 14:52:51,2026-06-27,14,204,苏醒游戏解说,1290441,626,30092,697,6623,229,636
BV1FR7a6qE4p,上综艺当皇帝，论演技是倒一，路人缘差你们就忍忍呗～,,影视杂谈,2026-06-26 18:00:00,2026-06-26,18,824,暴躁老王不在家,938819,2235,44155,8131,4522,1348,929
BV1auKQ6SEfv,打球的美感！迈克尔·乔丹慢镜头欣赏,,篮球,2026-06-29 19:07:33,2026-06-29,19,305,不会剪辑的果子君,178117,620,11151,3199,3135,583,736
BV1NK7p6JErQ,重大发现！原来故宫太和殿的地板砖里每块都藏着金子！,,短片,2026-06-27 19:14:44,2026-06-27,19,493,南翔,506852,1806,54071,19795,5918,543,1919
BV1LfKU6UEVL,高中生：这就是大学生活？！！,,搞笑,2026-06-29 17:30:57,2026-06-29,17,181,进击的金厂长,278985,552,17156,2884,7199,72,157
BV1Ur7V6YEYy,巴巴强强,,MV,2026-06-26 19:39:13,2026-06-26,19,214,Raymondsese,1530401,1826,68531,7587,16904,12295,2630
BV1hN7b65Et6,"看到火锅店写""禁止日本人入内""我不理解，走进重庆地下后我明白了",,出行,2026-06-25 17:30:00,2026-06-25,17,323,马佳PopMatta,446183,741,40249,5845,5108,267,1636
BV1cFTN6PEgf,惊险一幕！波兰一喷泉被闪电击中,,日常,2026-06-28 08:49:34,2026-06-28,8,22,央视新闻,2562109,2726,130216,666,9675,9586,3469
BV1vD756jE4v,【硬核拆解】汽车人到底离我们有多远？,,计算机技术,2026-06-26 18:30:00,2026-06-26,18,962,GenJi是真想教会你,2142785,633,36443,16784,8760,781,479
BV1Tt7q6hEu4,校园里的恐怖时刻,,小剧场,2026-06-26 17:00:00,2026-06-26,17,374,张开-,4284449,1200,168635,6811,55124,1210,1590
BV1HA786eEJk,揭秘《后室》中怪物最绝望的真相与20个细思极恐的细节！,,影视杂谈,2026-06-26 18:00:00,2026-06-26,18,1058,史蒂芬周大反派,785452,1256,25644,1485,11017,4516,2048
BV1sx7H62E71,这位猫咪，请你自重！,,喵星人,2026-06-27 19:33:47,2026-06-27,19,168,飘莉哩,1712945,665,79384,4716,7614,2440,1069
BV1gQKf6NEqX,祖宗之法，变了！HyperX 暗影精灵 PRO 16 锐龙版评测,,数码,2026-06-30 20:30:54,2026-06-30,20,407,笔吧评测室,79626,365,5070,877,708,185,1247
BV1pxTG6bEzz,恐怖版僵尸：处刑者（优化）,,单机游戏,2026-06-29 08:30:00,2026-06-29,8,325,对不起贱笑了,334232,588,15469,511,1966,144,1288
BV1uWTT6xEsN,忍者步教学,,网络游戏,2026-06-28 10:59:36,2026-06-28,10,151,小博博三角洲行动,1018412,323,24320,637,6453,206,186
BV1gpKd64ErQ,【三角洲行动】全面战场国际赛解说！双方疯狂争夺制空权！印尼队伍将换点战术运用到极致！,,网络游戏,2026-06-30 12:07:55,2026-06-30,12,1577,小鸣er先生,113933,750,6102,1078,1906,130,323
BV1FXTF6pEWa,“雄狮般的语言系统”,,综合,2026-06-30 17:32:30,2026-06-30,17,80,哈基漂不想睡大街,146641,182,19332,4084,2075,621,1162
BV1Fm786eEch,Don't Let Me Down Feat. GUMI,,VOCALOID·UTAU,2026-06-26 08:00:00,2026-06-26,8,123,d0tc0mmie,478872,1742,94384,21761,53210,4246,3407
BV1tUKo6tErU,【trust you】高达00片尾曲｜COVER,,翻唱,2026-06-30 15:46:47,2026-06-30,15,106,于梓贝的id,53952,181,6450,2550,1392,407,696
BV1xATw6eEG4,⚡每天好心情⚡,,宅舞,2026-06-30 22:33:07,2026-06-30,22,53,爪子drumdoll,76805,23,17871,1114,4709,150,298
BV1v7j26NEqG,《我们这样就怪好的》bilibili17周年生日短片,,综艺,2026-06-26 10:00:00,2026-06-26,10,136,哔哩哔哩弹幕网,800785,94,11561,784,2627,267,320
BV1H2KU6oEjn,父亲节陪老爸吃点喝点,,日常,2026-06-29 17:00:57,2026-06-29,17,340,狂野大公牛本人,523381,685,11757,1373,4482,240,608
BV1dsKX6tE1b,【徐静雨】格林跳出合同，詹姆斯真要加盟勇士了！4大优势助力詹库联手！,,篮球,2026-06-30 00:44:39,2026-06-30,0,497,雨说体育徐静雨,378498,1898,6219,915,816,3067,3725
BV1K7KS6iESD,哈基爷网购大物件从夯到拉,,搞笑,2026-06-29 18:00:00,2026-06-29,18,330,开箱嘤嘤怪,1097038,565,20903,1471,8295,200,303
BV1SG7h6jEeH,木偶的五个有趣小知识,,手机游戏,2026-06-26 12:00:00,2026-06-26,12,115,ulu秋名山,780839,616,41080,710,7733,2445,1352
BV1Sr7V6YEnG,神秘的风水到底是什么？谁都能看懂的风水科普！,,人文历史,2026-06-26 19:45:39,2026-06-26,19,1354,浪花姜,840739,2292,27694,6571,15802,2205,2055
BV1KW7W6dEHz,练后餐：面包果 罗氏虾 牛油果,,美食记录,2026-06-28 00:21:12,2026-06-28,0,254,小九妹妹_日更,678483,312,42310,590,3233,524,981
BV1im7q62E8Y,【课堂TV】班里总有神人,,小剧场,2026-06-26 11:07:28,2026-06-26,11,67,大乾乾是顾乾宇,2443917,881,245430,4271,33994,9826,3520
BV1Zp7V61Egu,【白鹿体验打卡】内娱最强话事人，爽文界白编剧才是真神,,娱乐杂谈,2026-06-27 12:00:00,2026-06-27,12,748,接二连珊妄想症,1636945,10556,80470,17352,15440,4298,1812
BV1xh756FEMw,乌萨奇欺负无牙仔，最终被五小只教怎么做蛋,,汽车生活,2026-06-26 17:23:39,2026-06-26,17,223,乌萨奇蛋,659072,4,43408,6139,45393,0,4
BV15t7i6rEo1,参加了galgame考试,,搞笑,2026-06-26 12:00:00,2026-06-26,12,551,良心发作的chunchun,2161516,3284,116601,31374,35338,13096,3298
BV1jKj96dED3,强⁶,,搞笑,2026-06-24 16:00:00,2026-06-24,16,116,杰比的生活日记,1093865,155,75627,802,4055,1541,757
BV19G756GEJW,你必须来品尝一下这部扭曲至极的炸裂神番！看完后up直接笑晕了！,,动漫杂谈,2026-06-26 18:33:38,2026-06-26,18,784,不知枫叶,210754,1735,11161,565,3630,1421,763
BV1q77n6AEqu,决战武神女王，获得天堂制造的仙界装备【我是僵尸】,,单机游戏,2026-06-28 09:00:00,2026-06-28,9,453,磊哥游戏,1240824,2379,99075,10326,6899,878,1674
BV1Xj7N6mEa3,当一千年后的人类考古2026年,,搞笑,2026-06-24 10:30:00,2026-06-24,10,145,咪克菌,5522748,1614,140288,20948,98395,3027,1683
BV1vvjR6REyP,《原神》桑多涅角色PV——「晨光熹微」,,手机游戏,2026-06-25 12:00:00,2026-06-25,12,829,原神,2964969,56230,328712,196513,84187,36190,17878
BV15JKZ6TEhW,ROG20周年快闪 lulu这次能讨到东西吗？,,数码,2026-06-30 18:00:00,2026-06-30,18,489,雫るる_Official,64087,543,5869,1953,775,196,361
BV1km736DERU,【aespa】我是SOLO所以像地狱 于是变得不良 (a.k.a. DOPAMINE PARTY) | ❮aesParty❯ EP.09,,音乐综合,2026-06-26 19:00:00,2026-06-26,19,2495,aespa,978247,47450,59681,22648,27777,9790,3201
BV17m756EExV,我的世界：当生物的血量等于体型，0.1滴血体型超级迷你,,单机游戏,2026-06-26 17:44:03,2026-06-26,17,490,小橙子姐姐解说,1281392,1316,40611,2505,12891,101,238
BV1bdTc6uEcQ,傅清·二次驻藏：西藏王爷，想杀达赖？【乾隆往事】,,人文历史,2026-06-30 22:57:11,2026-06-30,22,3515,正直讲史-李正Str,48125,287,2276,1542,1446,65,217
BV1hL756gE68,咖喱披萨、土豆汉堡？跨国快餐是咋被印度人逼疯的？【百国千城】,,人文历史,2026-06-28 17:30:00,2026-06-28,17,912,地缘志,235082,677,10314,533,2109,129,497
BV1v3jk6XEqD,"manika - ソシアルイル（Social Ill） feat.初音ミク,flower",,VOCALOID·UTAU,2026-06-27 18:00:00,2026-06-27,18,230,manika_official,189046,208,41765,6655,35150,1110,408
BV1aGKQ6mERS,今天做抹茶冰奶进村卖，没想到下雨淋湿了。,,三农,2026-06-29 19:17:30,2026-06-29,19,1111,欧大发-,218771,1750,22985,4792,1606,242,820
BV1cHjR6vEad,《逃离鸭科夫》夏日海岛挑战版本正式上线！新史低即将登场！,,单机游戏,2026-06-25 11:00:00,2026-06-25,11,32,逃离鸭科夫,1645227,49,17776,668,1593,1199,895
